Record Length,2.500000e+03,,   0.093600000000,   0.06000,
Sample Interval,2.000000e-05,,   0.093620000000,   0.06000,
Trigger Point,-4.680000000000e+03,,   0.093640000000,   0.06000,
,,,   0.093660000000,   0.06000,
,,,   0.093680000000,   0.06000,
,,,   0.093700000000,   0.06000,
Source,CH1,,   0.093720000000,   0.06000,
Vertical Units,V,,   0.093740000000,   0.06000,
Vertical Scale,5.000000e-01,,   0.093760000000,   0.06000,
Vertical Offset,3.400000e-01,,   0.093780000000,   0.06000,
Horizontal Units,s,,   0.093800000000,   0.06000,
Horizontal Scale,5.000000e-03,,   0.093820000000,   0.06000,
Pt Fmt,Y,,   0.093840000000,   0.06000,
Yzero,0.000000e+00,,   0.093860000000,   0.06000,
Probe Atten,1.000000e+00,,   0.093880000000,   0.06000,
Model Number,TDS2004C,,   0.093900000000,   0.06000,
Serial Number,C012605,,   0.093920000000,   0.06000,
Firmware Version,FV:v24.18,,   0.093940000000,   0.06000,
,,,0.093960000000,   0.06000,
,,,0.093980000000,   0.06000,
,,,0.094000000000,   0.06000,
,,,0.094020000000,   0.06000,
,,,0.094040000000,   0.06000,
,,,0.094060000000,   0.06000,
,,,0.094080000000,   0.06000,
,,,0.094100000000,   0.06000,
,,,0.094120000000,   0.06000,
,,,0.094140000000,   0.06000,
,,,0.094160000000,   0.06000,
,,,0.094180000000,   0.06000,
,,,0.094200000000,   0.06000,
,,,0.094220000000,   0.06000,
,,,0.094240000000,   0.06000,
,,,0.094260000000,   0.06000,
,,,0.094280000000,   0.06000,
,,,0.094300000000,   0.06000,
,,,0.094320000000,   0.06000,
,,,0.094340000000,   0.06000,
,,,0.094360000000,   0.06000,
,,,0.094380000000,   0.06000,
,,,0.094400000000,   0.06000,
,,,0.094420000000,   0.06000,
,,,0.094440000000,   0.06000,
,,,0.094460000000,   0.06000,
,,,0.094480000000,   0.06000,
,,,0.094500000000,   0.06000,
,,,0.094520000000,   0.06000,
,,,0.094540000000,   0.06000,
,,,0.094560000000,   0.08000,
,,,0.094580000000,   0.06000,
,,,0.094600000000,   0.06000,
,,,0.094620000000,   0.06000,
,,,0.094640000000,   0.06000,
,,,0.094660000000,   0.06000,
,,,0.094680000000,   0.08000,
,,,0.094700000000,   0.08000,
,,,0.094720000000,   0.06000,
,,,0.094740000000,   0.06000,
,,,0.094760000000,   0.06000,
,,,0.094780000000,   0.06000,
,,,0.094800000000,   0.08000,
,,,0.094820000000,   0.06000,
,,,0.094840000000,   0.08000,
,,,0.094860000000,   0.06000,
,,,0.094880000000,   0.06000,
,,,0.094900000000,   0.06000,
,,,0.094920000000,   0.06000,
,,,0.094940000000,   0.08000,
,,,0.094960000000,   0.06000,
,,,0.094980000000,   0.08000,
,,,0.095000000000,   0.08000,
,,,0.095020000000,   0.06000,
,,,0.095040000000,   0.08000,
,,,0.095060000000,   0.08000,
,,,0.095080000000,   0.08000,
,,,0.095100000000,   0.06000,
,,,0.095120000000,   0.08000,
,,,0.095140000000,   0.06000,
,,,0.095160000000,   0.08000,
,,,0.095180000000,   0.08000,
,,,0.095200000000,   0.08000,
,,,0.095220000000,   0.08000,
,,,0.095240000000,   0.08000,
,,,0.095260000000,   0.08000,
,,,0.095280000000,   0.08000,
,,,0.095300000000,   0.06000,
,,,0.095320000000,   0.08000,
,,,0.095340000000,   0.08000,
,,,0.095360000000,   0.08000,
,,,0.095380000000,   0.06000,
,,,0.095400000000,   0.08000,
,,,0.095420000000,   0.08000,
,,,0.095440000000,   0.08000,
,,,0.095460000000,   0.08000,
,,,0.095480000000,   0.08000,
,,,0.095500000000,   0.08000,
,,,0.095520000000,   0.08000,
,,,0.095540000000,   0.08000,
,,,0.095560000000,   0.08000,
,,,0.095580000000,   0.08000,
,,,0.095600000000,   0.08000,
,,,0.095620000000,   0.08000,
,,,0.095640000000,   0.08000,
,,,0.095660000000,   0.08000,
,,,0.095680000000,   0.08000,
,,,0.095700000000,   0.08000,
,,,0.095720000000,   0.08000,
,,,0.095740000000,   0.08000,
,,,0.095760000000,   0.08000,
,,,0.095780000000,   0.08000,
,,,0.095800000000,   0.08000,
,,,0.095820000000,   0.08000,
,,,0.095840000000,   0.08000,
,,,0.095860000000,   0.08000,
,,,0.095880000000,   0.08000,
,,,0.095900000000,   0.08000,
,,,0.095920000000,   0.08000,
,,,0.095940000000,   0.08000,
,,,0.095960000000,   0.08000,
,,,0.095980000000,   0.08000,
,,,0.096000000000,   0.08000,
,,,0.096020000000,   0.08000,
,,,0.096040000000,   0.08000,
,,,0.096060000000,   0.08000,
,,,0.096080000000,   0.08000,
,,,0.096100000000,   0.08000,
,,,0.096120000000,   0.08000,
,,,0.096140000000,   0.08000,
,,,0.096160000000,   0.08000,
,,,0.096180000000,   0.08000,
,,,0.096200000000,   0.08000,
,,,0.096220000000,   0.08000,
,,,0.096240000000,   0.08000,
,,,0.096260000000,   0.08000,
,,,0.096280000000,   0.08000,
,,,0.096300000000,   0.08000,
,,,0.096320000000,   0.08000,
,,,0.096340000000,   0.08000,
,,,0.096360000000,   0.08000,
,,,0.096380000000,   0.08000,
,,,0.096400000000,   0.08000,
,,,0.096420000000,   0.08000,
,,,0.096440000000,   0.08000,
,,,0.096460000000,   0.08000,
,,,0.096480000000,   0.08000,
,,,0.096500000000,   0.08000,
,,,0.096520000000,   0.08000,
,,,0.096540000000,   0.08000,
,,,0.096560000000,   0.08000,
,,,0.096580000000,   0.08000,
,,,0.096600000000,   0.08000,
,,,0.096620000000,   0.08000,
,,,0.096640000000,   0.08000,
,,,0.096660000000,   0.08000,
,,,0.096680000000,   0.08000,
,,,0.096700000000,   0.08000,
,,,0.096720000000,   0.08000,
,,,0.096740000000,   0.08000,
,,,0.096760000000,   0.08000,
,,,0.096780000000,   0.08000,
,,,0.096800000000,   0.08000,
,,,0.096820000000,   0.08000,
,,,0.096840000000,   0.08000,
,,,0.096860000000,   0.08000,
,,,0.096880000000,   0.08000,
,,,0.096900000000,   0.08000,
,,,0.096920000000,   0.08000,
,,,0.096940000000,   0.08000,
,,,0.096960000000,   0.08000,
,,,0.096980000000,   0.08000,
,,,0.097000000000,   0.08000,
,,,0.097020000000,   0.08000,
,,,0.097040000000,   0.08000,
,,,0.097060000000,   0.08000,
,,,0.097080000000,   0.08000,
,,,0.097100000000,   0.08000,
,,,0.097120000000,   0.08000,
,,,0.097140000000,   0.08000,
,,,0.097160000000,   0.08000,
,,,0.097180000000,   0.08000,
,,,0.097200000000,   0.08000,
,,,0.097220000000,   0.08000,
,,,0.097240000000,   0.08000,
,,,0.097260000000,   0.08000,
,,,0.097280000000,   0.08000,
,,,0.097300000000,   0.08000,
,,,0.097320000000,   0.08000,
,,,0.097340000000,   0.08000,
,,,0.097360000000,   0.08000,
,,,0.097380000000,   0.08000,
,,,0.097400000000,   0.08000,
,,,0.097420000000,   0.08000,
,,,0.097440000000,   0.08000,
,,,0.097460000000,   0.08000,
,,,0.097480000000,   0.08000,
,,,0.097500000000,   0.08000,
,,,0.097520000000,   0.08000,
,,,0.097540000000,   0.08000,
,,,0.097560000000,   0.08000,
,,,0.097580000000,   0.08000,
,,,0.097600000000,   0.08000,
,,,0.097620000000,   0.08000,
,,,0.097640000000,   0.08000,
,,,0.097660000000,   0.08000,
,,,0.097680000000,   0.08000,
,,,0.097700000000,   0.08000,
,,,0.097720000000,   0.08000,
,,,0.097740000000,   0.08000,
,,,0.097760000000,   0.08000,
,,,0.097780000000,   0.08000,
,,,0.097800000000,   0.08000,
,,,0.097820000000,   0.08000,
,,,0.097840000000,   0.08000,
,,,0.097860000000,   0.08000,
,,,0.097880000000,   0.08000,
,,,0.097900000000,   0.08000,
,,,0.097920000000,   0.08000,
,,,0.097940000000,   0.08000,
,,,0.097960000000,   0.08000,
,,,0.097980000000,   0.08000,
,,,0.098000000000,   0.08000,
,,,0.098020000000,   0.08000,
,,,0.098040000000,   0.08000,
,,,0.098060000000,   0.08000,
,,,0.098080000000,   0.08000,
,,,0.098100000000,   0.08000,
,,,0.098120000000,   0.10000,
,,,0.098140000000,   0.10000,
,,,0.098160000000,   0.08000,
,,,0.098180000000,   0.08000,
,,,0.098200000000,   0.10000,
,,,0.098220000000,   0.10000,
,,,0.098240000000,   0.08000,
,,,0.098260000000,   0.08000,
,,,0.098280000000,   0.10000,
,,,0.098300000000,   0.08000,
,,,0.098320000000,   0.10000,
,,,0.098340000000,   0.08000,
,,,0.098360000000,   0.08000,
,,,0.098380000000,   0.08000,
,,,0.098400000000,   0.10000,
,,,0.098420000000,   0.10000,
,,,0.098440000000,   0.10000,
,,,0.098460000000,   0.10000,
,,,0.098480000000,   0.08000,
,,,0.098500000000,   0.10000,
,,,0.098520000000,   0.10000,
,,,0.098540000000,   0.10000,
,,,0.098560000000,   0.08000,
,,,0.098580000000,   0.08000,
,,,0.098600000000,   0.10000,
,,,0.098620000000,   0.10000,
,,,0.098640000000,   0.10000,
,,,0.098660000000,   0.10000,
,,,0.098680000000,   0.08000,
,,,0.098700000000,   0.10000,
,,,0.098720000000,   0.10000,
,,,0.098740000000,   0.10000,
,,,0.098760000000,   0.10000,
,,,0.098780000000,   0.10000,
,,,0.098800000000,   0.10000,
,,,0.098820000000,   0.10000,
,,,0.098840000000,   0.10000,
,,,0.098860000000,   0.10000,
,,,0.098880000000,   0.10000,
,,,0.098900000000,   0.10000,
,,,0.098920000000,   0.10000,
,,,0.098940000000,   0.10000,
,,,0.098960000000,   0.10000,
,,,0.098980000000,   0.10000,
,,,0.099000000000,   0.10000,
,,,0.099020000000,   0.10000,
,,,0.099040000000,   0.10000,
,,,0.099060000000,   0.10000,
,,,0.099080000000,   0.10000,
,,,0.099100000000,   0.10000,
,,,0.099120000000,   0.10000,
,,,0.099140000000,   0.10000,
,,,0.099160000000,   0.10000,
,,,0.099180000000,   0.10000,
,,,0.099200000000,   0.10000,
,,,0.099220000000,   0.10000,
,,,0.099240000000,   0.10000,
,,,0.099260000000,   0.10000,
,,,0.099280000000,   0.10000,
,,,0.099300000000,   0.10000,
,,,0.099320000000,   0.10000,
,,,0.099340000000,   0.10000,
,,,0.099360000000,   0.10000,
,,,0.099380000000,   0.10000,
,,,0.099400000000,   0.10000,
,,,0.099420000000,   0.10000,
,,,0.099440000000,   0.10000,
,,,0.099460000000,   0.10000,
,,,0.099480000000,   0.10000,
,,,0.099500000000,   0.10000,
,,,0.099520000000,   0.10000,
,,,0.099540000000,   0.10000,
,,,0.099560000000,   0.10000,
,,,0.099580000000,   0.10000,
,,,0.099600000000,   0.10000,
,,,0.099620000000,   0.10000,
,,,0.099640000000,   0.10000,
,,,0.099660000000,   0.10000,
,,,0.099680000000,   0.10000,
,,,0.099700000000,   0.10000,
,,,0.099720000000,   0.10000,
,,,0.099740000000,   0.10000,
,,,0.099760000000,   0.10000,
,,,0.099780000000,   0.10000,
,,,0.099800000000,   0.10000,
,,,0.099820000000,   0.10000,
,,,0.099840000000,   0.10000,
,,,0.099860000000,   0.10000,
,,,0.099880000000,   0.10000,
,,,0.099900000000,   0.10000,
,,,0.099920000000,   0.10000,
,,,0.099940000000,   0.10000,
,,,0.099960000000,   0.10000,
,,,0.099980000000,   0.10000,
,,,0.100000000000,   0.10000,
,,,0.100020000000,   0.10000,
,,,0.100040000000,   0.10000,
,,,0.100060000000,   0.10000,
,,,0.100080000000,   0.10000,
,,,0.100100000000,   0.10000,
,,,0.100120000000,   0.10000,
,,,0.100140000000,   0.10000,
,,,0.100160000000,   0.10000,
,,,0.100180000000,   0.10000,
,,,0.100200000000,   0.10000,
,,,0.100220000000,   0.10000,
,,,0.100240000000,   0.10000,
,,,0.100260000000,   0.10000,
,,,0.100280000000,   0.10000,
,,,0.100300000000,   0.10000,
,,,0.100320000000,   0.10000,
,,,0.100340000000,   0.10000,
,,,0.100360000000,   0.10000,
,,,0.100380000000,   0.10000,
,,,0.100400000000,   0.10000,
,,,0.100420000000,   0.10000,
,,,0.100440000000,   0.10000,
,,,0.100460000000,   0.10000,
,,,0.100480000000,   0.10000,
,,,0.100500000000,   0.10000,
,,,0.100520000000,   0.10000,
,,,0.100540000000,   0.10000,
,,,0.100560000000,   0.10000,
,,,0.100580000000,   0.10000,
,,,0.100600000000,   0.10000,
,,,0.100620000000,   0.10000,
,,,0.100640000000,   0.10000,
,,,0.100660000000,   0.10000,
,,,0.100680000000,   0.10000,
,,,0.100700000000,   0.10000,
,,,0.100720000000,   0.10000,
,,,0.100740000000,   0.10000,
,,,0.100760000000,   0.10000,
,,,0.100780000000,   0.10000,
,,,0.100800000000,   0.10000,
,,,0.100820000000,   0.10000,
,,,0.100840000000,   0.10000,
,,,0.100860000000,   0.10000,
,,,0.100880000000,   0.10000,
,,,0.100900000000,   0.10000,
,,,0.100920000000,   0.10000,
,,,0.100940000000,   0.10000,
,,,0.100960000000,   0.10000,
,,,0.100980000000,   0.10000,
,,,0.101000000000,   0.10000,
,,,0.101020000000,   0.10000,
,,,0.101040000000,   0.10000,
,,,0.101060000000,   0.10000,
,,,0.101080000000,   0.10000,
,,,0.101100000000,   0.10000,
,,,0.101120000000,   0.10000,
,,,0.101140000000,   0.10000,
,,,0.101160000000,   0.10000,
,,,0.101180000000,   0.10000,
,,,0.101200000000,   0.10000,
,,,0.101220000000,   0.10000,
,,,0.101240000000,   0.10000,
,,,0.101260000000,   0.10000,
,,,0.101280000000,   0.10000,
,,,0.101300000000,   0.10000,
,,,0.101320000000,   0.10000,
,,,0.101340000000,   0.10000,
,,,0.101360000000,   0.10000,
,,,0.101380000000,   0.10000,
,,,0.101400000000,   0.10000,
,,,0.101420000000,   0.10000,
,,,0.101440000000,   0.10000,
,,,0.101460000000,   0.10000,
,,,0.101480000000,   0.10000,
,,,0.101500000000,   0.10000,
,,,0.101520000000,   0.10000,
,,,0.101540000000,   0.10000,
,,,0.101560000000,   0.10000,
,,,0.101580000000,   0.10000,
,,,0.101600000000,   0.10000,
,,,0.101620000000,   0.10000,
,,,0.101640000000,   0.10000,
,,,0.101660000000,   0.10000,
,,,0.101680000000,   0.10000,
,,,0.101700000000,   0.10000,
,,,0.101720000000,   0.10000,
,,,0.101740000000,   0.10000,
,,,0.101760000000,   0.10000,
,,,0.101780000000,   0.10000,
,,,0.101800000000,   0.10000,
,,,0.101820000000,   0.10000,
,,,0.101840000000,   0.10000,
,,,0.101860000000,   0.10000,
,,,0.101880000000,   0.10000,
,,,0.101900000000,   0.10000,
,,,0.101920000000,   0.10000,
,,,0.101940000000,   0.10000,
,,,0.101960000000,   0.10000,
,,,0.101980000000,   0.10000,
,,,0.102000000000,   0.10000,
,,,0.102020000000,   0.10000,
,,,0.102040000000,   0.10000,
,,,0.102060000000,   0.10000,
,,,0.102080000000,   0.10000,
,,,0.102100000000,   0.10000,
,,,0.102120000000,   0.10000,
,,,0.102140000000,   0.10000,
,,,0.102160000000,   0.10000,
,,,0.102180000000,   0.10000,
,,,0.102200000000,   0.10000,
,,,0.102220000000,   0.10000,
,,,0.102240000000,   0.10000,
,,,0.102260000000,   0.10000,
,,,0.102280000000,   0.10000,
,,,0.102300000000,   0.10000,
,,,0.102320000000,   0.10000,
,,,0.102340000000,   0.10000,
,,,0.102360000000,   0.10000,
,,,0.102380000000,   0.10000,
,,,0.102400000000,   0.10000,
,,,0.102420000000,   0.10000,
,,,0.102440000000,   0.12000,
,,,0.102460000000,   0.10000,
,,,0.102480000000,   0.10000,
,,,0.102500000000,   0.12000,
,,,0.102520000000,   0.10000,
,,,0.102540000000,   0.10000,
,,,0.102560000000,   0.10000,
,,,0.102580000000,   0.10000,
,,,0.102600000000,   0.10000,
,,,0.102620000000,   0.12000,
,,,0.102640000000,   0.12000,
,,,0.102660000000,   0.10000,
,,,0.102680000000,   0.10000,
,,,0.102700000000,   0.12000,
,,,0.102720000000,   0.12000,
,,,0.102740000000,   0.12000,
,,,0.102760000000,   0.10000,
,,,0.102780000000,   0.10000,
,,,0.102800000000,   0.10000,
,,,0.102820000000,   0.12000,
,,,0.102840000000,   0.10000,
,,,0.102860000000,   0.12000,
,,,0.102880000000,   0.12000,
,,,0.102900000000,   0.12000,
,,,0.102920000000,   0.10000,
,,,0.102940000000,   0.12000,
,,,0.102960000000,   0.12000,
,,,0.102980000000,   0.12000,
,,,0.103000000000,   0.12000,
,,,0.103020000000,   0.12000,
,,,0.103040000000,   0.12000,
,,,0.103060000000,   0.12000,
,,,0.103080000000,   0.12000,
,,,0.103100000000,   0.12000,
,,,0.103120000000,   0.12000,
,,,0.103140000000,   0.12000,
,,,0.103160000000,   0.12000,
,,,0.103180000000,   0.12000,
,,,0.103200000000,   0.12000,
,,,0.103220000000,   0.12000,
,,,0.103240000000,   0.12000,
,,,0.103260000000,   0.12000,
,,,0.103280000000,   0.12000,
,,,0.103300000000,   0.12000,
,,,0.103320000000,   0.12000,
,,,0.103340000000,   0.12000,
,,,0.103360000000,   0.12000,
,,,0.103380000000,   0.12000,
,,,0.103400000000,   0.12000,
,,,0.103420000000,   0.12000,
,,,0.103440000000,   0.12000,
,,,0.103460000000,   0.12000,
,,,0.103480000000,   0.12000,
,,,0.103500000000,   0.10000,
,,,0.103520000000,   0.12000,
,,,0.103540000000,   0.12000,
,,,0.103560000000,   0.12000,
,,,0.103580000000,   0.12000,
,,,0.103600000000,   0.12000,
,,,0.103620000000,   0.12000,
,,,0.103640000000,   0.12000,
,,,0.103660000000,   0.12000,
,,,0.103680000000,   0.12000,
,,,0.103700000000,   0.12000,
,,,0.103720000000,   0.12000,
,,,0.103740000000,   0.12000,
,,,0.103760000000,   0.12000,
,,,0.103780000000,   0.12000,
,,,0.103800000000,   0.12000,
,,,0.103820000000,   0.12000,
,,,0.103840000000,   0.12000,
,,,0.103860000000,   0.12000,
,,,0.103880000000,   0.12000,
,,,0.103900000000,   0.12000,
,,,0.103920000000,   0.12000,
,,,0.103940000000,   0.12000,
,,,0.103960000000,   0.12000,
,,,0.103980000000,   0.12000,
,,,0.104000000000,   0.12000,
,,,0.104020000000,   0.12000,
,,,0.104040000000,   0.12000,
,,,0.104060000000,   0.12000,
,,,0.104080000000,   0.12000,
,,,0.104100000000,   0.12000,
,,,0.104120000000,   0.12000,
,,,0.104140000000,   0.12000,
,,,0.104160000000,   0.12000,
,,,0.104180000000,   0.12000,
,,,0.104200000000,   0.12000,
,,,0.104220000000,   0.12000,
,,,0.104240000000,   0.12000,
,,,0.104260000000,   0.12000,
,,,0.104280000000,   0.12000,
,,,0.104300000000,   0.12000,
,,,0.104320000000,   0.12000,
,,,0.104340000000,   0.12000,
,,,0.104360000000,   0.12000,
,,,0.104380000000,   0.12000,
,,,0.104400000000,   0.12000,
,,,0.104420000000,   0.12000,
,,,0.104440000000,   0.12000,
,,,0.104460000000,   0.12000,
,,,0.104480000000,   0.12000,
,,,0.104500000000,   0.12000,
,,,0.104520000000,   0.12000,
,,,0.104540000000,   0.12000,
,,,0.104560000000,   0.12000,
,,,0.104580000000,   0.12000,
,,,0.104600000000,   0.12000,
,,,0.104620000000,   0.12000,
,,,0.104640000000,   0.12000,
,,,0.104660000000,   0.12000,
,,,0.104680000000,   0.12000,
,,,0.104700000000,   0.12000,
,,,0.104720000000,   0.12000,
,,,0.104740000000,   0.12000,
,,,0.104760000000,   0.12000,
,,,0.104780000000,   0.12000,
,,,0.104800000000,   0.12000,
,,,0.104820000000,   0.12000,
,,,0.104840000000,   0.12000,
,,,0.104860000000,   0.12000,
,,,0.104880000000,   0.12000,
,,,0.104900000000,   0.12000,
,,,0.104920000000,   0.12000,
,,,0.104940000000,   0.12000,
,,,0.104960000000,   0.12000,
,,,0.104980000000,   0.12000,
,,,0.105000000000,   0.12000,
,,,0.105020000000,   0.12000,
,,,0.105040000000,   0.12000,
,,,0.105060000000,   0.12000,
,,,0.105080000000,   0.12000,
,,,0.105100000000,   0.12000,
,,,0.105120000000,   0.12000,
,,,0.105140000000,   0.12000,
,,,0.105160000000,   0.12000,
,,,0.105180000000,   0.12000,
,,,0.105200000000,   0.12000,
,,,0.105220000000,   0.12000,
,,,0.105240000000,   0.12000,
,,,0.105260000000,   0.12000,
,,,0.105280000000,   0.12000,
,,,0.105300000000,   0.12000,
,,,0.105320000000,   0.12000,
,,,0.105340000000,   0.12000,
,,,0.105360000000,   0.12000,
,,,0.105380000000,   0.12000,
,,,0.105400000000,   0.12000,
,,,0.105420000000,   0.12000,
,,,0.105440000000,   0.12000,
,,,0.105460000000,   0.12000,
,,,0.105480000000,   0.12000,
,,,0.105500000000,   0.12000,
,,,0.105520000000,   0.12000,
,,,0.105540000000,   0.12000,
,,,0.105560000000,   0.12000,
,,,0.105580000000,   0.12000,
,,,0.105600000000,   0.12000,
,,,0.105620000000,   0.12000,
,,,0.105640000000,   0.12000,
,,,0.105660000000,   0.12000,
,,,0.105680000000,   0.12000,
,,,0.105700000000,   0.12000,
,,,0.105720000000,   0.12000,
,,,0.105740000000,   0.12000,
,,,0.105760000000,   0.12000,
,,,0.105780000000,   0.12000,
,,,0.105800000000,   0.12000,
,,,0.105820000000,   0.14000,
,,,0.105840000000,   0.14000,
,,,0.105860000000,   0.12000,
,,,0.105880000000,   0.14000,
,,,0.105900000000,   0.12000,
,,,0.105920000000,   0.14000,
,,,0.105940000000,   0.12000,
,,,0.105960000000,   0.12000,
,,,0.105980000000,   0.14000,
,,,0.106000000000,   0.12000,
,,,0.106020000000,   0.14000,
,,,0.106040000000,   0.14000,
,,,0.106060000000,   0.14000,
,,,0.106080000000,   0.12000,
,,,0.106100000000,   0.14000,
,,,0.106120000000,   0.12000,
,,,0.106140000000,   0.14000,
,,,0.106160000000,   0.14000,
,,,0.106180000000,   0.14000,
,,,0.106200000000,   0.14000,
,,,0.106220000000,   0.12000,
,,,0.106240000000,   0.14000,
,,,0.106260000000,   0.14000,
,,,0.106280000000,   0.12000,
,,,0.106300000000,   0.12000,
,,,0.106320000000,   0.12000,
,,,0.106340000000,   0.14000,
,,,0.106360000000,   0.12000,
,,,0.106380000000,   0.14000,
,,,0.106400000000,   0.14000,
,,,0.106420000000,   0.12000,
,,,0.106440000000,   0.12000,
,,,0.106460000000,   0.14000,
,,,0.106480000000,   0.14000,
,,,0.106500000000,   0.14000,
,,,0.106520000000,   0.14000,
,,,0.106540000000,   0.14000,
,,,0.106560000000,   0.14000,
,,,0.106580000000,   0.14000,
,,,0.106600000000,   0.14000,
,,,0.106620000000,   0.14000,
,,,0.106640000000,   0.14000,
,,,0.106660000000,   0.14000,
,,,0.106680000000,   0.14000,
,,,0.106700000000,   0.14000,
,,,0.106720000000,   0.14000,
,,,0.106740000000,   0.14000,
,,,0.106760000000,   0.14000,
,,,0.106780000000,   0.14000,
,,,0.106800000000,   0.14000,
,,,0.106820000000,   0.14000,
,,,0.106840000000,   0.14000,
,,,0.106860000000,   0.14000,
,,,0.106880000000,   0.14000,
,,,0.106900000000,   0.14000,
,,,0.106920000000,   0.14000,
,,,0.106940000000,   0.14000,
,,,0.106960000000,   0.14000,
,,,0.106980000000,   0.14000,
,,,0.107000000000,   0.14000,
,,,0.107020000000,   0.14000,
,,,0.107040000000,   0.14000,
,,,0.107060000000,   0.14000,
,,,0.107080000000,   0.14000,
,,,0.107100000000,   0.14000,
,,,0.107120000000,   0.14000,
,,,0.107140000000,   0.14000,
,,,0.107160000000,   0.14000,
,,,0.107180000000,   0.14000,
,,,0.107200000000,   0.14000,
,,,0.107220000000,   0.14000,
,,,0.107240000000,   0.14000,
,,,0.107260000000,   0.14000,
,,,0.107280000000,   0.14000,
,,,0.107300000000,   0.14000,
,,,0.107320000000,   0.14000,
,,,0.107340000000,   0.14000,
,,,0.107360000000,   0.14000,
,,,0.107380000000,   0.14000,
,,,0.107400000000,   0.14000,
,,,0.107420000000,   0.14000,
,,,0.107440000000,   0.14000,
,,,0.107460000000,   0.14000,
,,,0.107480000000,   0.14000,
,,,0.107500000000,   0.14000,
,,,0.107520000000,   0.14000,
,,,0.107540000000,   0.14000,
,,,0.107560000000,   0.14000,
,,,0.107580000000,   0.14000,
,,,0.107600000000,   0.14000,
,,,0.107620000000,   0.14000,
,,,0.107640000000,   0.14000,
,,,0.107660000000,   0.14000,
,,,0.107680000000,   0.14000,
,,,0.107700000000,   0.14000,
,,,0.107720000000,   0.14000,
,,,0.107740000000,   0.14000,
,,,0.107760000000,   0.14000,
,,,0.107780000000,   0.14000,
,,,0.107800000000,   0.14000,
,,,0.107820000000,   0.14000,
,,,0.107840000000,   0.14000,
,,,0.107860000000,   0.14000,
,,,0.107880000000,   0.14000,
,,,0.107900000000,   0.14000,
,,,0.107920000000,   0.14000,
,,,0.107940000000,   0.14000,
,,,0.107960000000,   0.14000,
,,,0.107980000000,   0.14000,
,,,0.108000000000,   0.14000,
,,,0.108020000000,   0.14000,
,,,0.108040000000,   0.14000,
,,,0.108060000000,   0.14000,
,,,0.108080000000,   0.14000,
,,,0.108100000000,   0.14000,
,,,0.108120000000,   0.14000,
,,,0.108140000000,   0.14000,
,,,0.108160000000,   0.14000,
,,,0.108180000000,   0.14000,
,,,0.108200000000,   0.14000,
,,,0.108220000000,   0.14000,
,,,0.108240000000,   0.14000,
,,,0.108260000000,   0.14000,
,,,0.108280000000,   0.14000,
,,,0.108300000000,   0.14000,
,,,0.108320000000,   0.14000,
,,,0.108340000000,   0.14000,
,,,0.108360000000,   0.14000,
,,,0.108380000000,   0.14000,
,,,0.108400000000,   0.14000,
,,,0.108420000000,   0.14000,
,,,0.108440000000,   0.14000,
,,,0.108460000000,   0.14000,
,,,0.108480000000,   0.14000,
,,,0.108500000000,   0.14000,
,,,0.108520000000,   0.14000,
,,,0.108540000000,   0.14000,
,,,0.108560000000,   0.14000,
,,,0.108580000000,   0.14000,
,,,0.108600000000,   0.14000,
,,,0.108620000000,   0.14000,
,,,0.108640000000,   0.14000,
,,,0.108660000000,   0.14000,
,,,0.108680000000,   0.14000,
,,,0.108700000000,   0.14000,
,,,0.108720000000,   0.14000,
,,,0.108740000000,   0.14000,
,,,0.108760000000,   0.14000,
,,,0.108780000000,   0.14000,
,,,0.108800000000,   0.14000,
,,,0.108820000000,   0.14000,
,,,0.108840000000,   0.14000,
,,,0.108860000000,   0.14000,
,,,0.108880000000,   0.14000,
,,,0.108900000000,   0.14000,
,,,0.108920000000,   0.14000,
,,,0.108940000000,   0.14000,
,,,0.108960000000,   0.14000,
,,,0.108980000000,   0.14000,
,,,0.109000000000,   0.14000,
,,,0.109020000000,   0.14000,
,,,0.109040000000,   0.14000,
,,,0.109060000000,   0.14000,
,,,0.109080000000,   0.14000,
,,,0.109100000000,   0.14000,
,,,0.109120000000,   0.14000,
,,,0.109140000000,   0.14000,
,,,0.109160000000,   0.14000,
,,,0.109180000000,   0.14000,
,,,0.109200000000,   0.14000,
,,,0.109220000000,   0.14000,
,,,0.109240000000,   0.14000,
,,,0.109260000000,   0.14000,
,,,0.109280000000,   0.14000,
,,,0.109300000000,   0.14000,
,,,0.109320000000,   0.14000,
,,,0.109340000000,   0.14000,
,,,0.109360000000,   0.14000,
,,,0.109380000000,   0.14000,
,,,0.109400000000,   0.14000,
,,,0.109420000000,   0.14000,
,,,0.109440000000,   0.14000,
,,,0.109460000000,   0.14000,
,,,0.109480000000,   0.14000,
,,,0.109500000000,   0.14000,
,,,0.109520000000,   0.14000,
,,,0.109540000000,   0.14000,
,,,0.109560000000,   0.14000,
,,,0.109580000000,   0.14000,
,,,0.109600000000,   0.14000,
,,,0.109620000000,   0.14000,
,,,0.109640000000,   0.14000,
,,,0.109660000000,   0.14000,
,,,0.109680000000,   0.14000,
,,,0.109700000000,   0.14000,
,,,0.109720000000,   0.14000,
,,,0.109740000000,   0.14000,
,,,0.109760000000,   0.14000,
,,,0.109780000000,   0.14000,
,,,0.109800000000,   0.14000,
,,,0.109820000000,   0.14000,
,,,0.109840000000,   0.14000,
,,,0.109860000000,   0.14000,
,,,0.109880000000,   0.14000,
,,,0.109900000000,   0.14000,
,,,0.109920000000,   0.16000,
,,,0.109940000000,   0.14000,
,,,0.109960000000,   0.14000,
,,,0.109980000000,   0.14000,
,,,0.110000000000,   0.14000,
,,,0.110020000000,   0.14000,
,,,0.110040000000,   0.16000,
,,,0.110060000000,   0.14000,
,,,0.110080000000,   0.14000,
,,,0.110100000000,   0.14000,
,,,0.110120000000,   0.14000,
,,,0.110140000000,   0.14000,
,,,0.110160000000,   0.16000,
,,,0.110180000000,   0.14000,
,,,0.110200000000,   0.14000,
,,,0.110220000000,   0.14000,
,,,0.110240000000,   0.14000,
,,,0.110260000000,   0.16000,
,,,0.110280000000,   0.14000,
,,,0.110300000000,   0.14000,
,,,0.110320000000,   0.14000,
,,,0.110340000000,   0.14000,
,,,0.110360000000,   0.14000,
,,,0.110380000000,   0.14000,
,,,0.110400000000,   0.14000,
,,,0.110420000000,   0.16000,
,,,0.110440000000,   0.14000,
,,,0.110460000000,   0.16000,
,,,0.110480000000,   0.14000,
,,,0.110500000000,   0.14000,
,,,0.110520000000,   0.16000,
,,,0.110540000000,   0.16000,
,,,0.110560000000,   0.14000,
,,,0.110580000000,   0.14000,
,,,0.110600000000,   0.14000,
,,,0.110620000000,   0.16000,
,,,0.110640000000,   0.14000,
,,,0.110660000000,   0.16000,
,,,0.110680000000,   0.16000,
,,,0.110700000000,   0.16000,
,,,0.110720000000,   0.16000,
,,,0.110740000000,   0.16000,
,,,0.110760000000,   0.14000,
,,,0.110780000000,   0.16000,
,,,0.110800000000,   0.16000,
,,,0.110820000000,   0.16000,
,,,0.110840000000,   0.16000,
,,,0.110860000000,   0.14000,
,,,0.110880000000,   0.16000,
,,,0.110900000000,   0.16000,
,,,0.110920000000,   0.16000,
,,,0.110940000000,   0.16000,
,,,0.110960000000,   0.16000,
,,,0.110980000000,   0.16000,
,,,0.111000000000,   0.16000,
,,,0.111020000000,   0.16000,
,,,0.111040000000,   0.16000,
,,,0.111060000000,   0.16000,
,,,0.111080000000,   0.16000,
,,,0.111100000000,   0.16000,
,,,0.111120000000,   0.16000,
,,,0.111140000000,   0.16000,
,,,0.111160000000,   0.16000,
,,,0.111180000000,   0.16000,
,,,0.111200000000,   0.16000,
,,,0.111220000000,   0.16000,
,,,0.111240000000,   0.16000,
,,,0.111260000000,   0.16000,
,,,0.111280000000,   0.16000,
,,,0.111300000000,   0.16000,
,,,0.111320000000,   0.16000,
,,,0.111340000000,   0.16000,
,,,0.111360000000,   0.16000,
,,,0.111380000000,   0.16000,
,,,0.111400000000,   0.16000,
,,,0.111420000000,   0.16000,
,,,0.111440000000,   0.16000,
,,,0.111460000000,   0.16000,
,,,0.111480000000,   0.16000,
,,,0.111500000000,   0.16000,
,,,0.111520000000,   0.16000,
,,,0.111540000000,   0.16000,
,,,0.111560000000,   0.16000,
,,,0.111580000000,   0.16000,
,,,0.111600000000,   0.16000,
,,,0.111620000000,   0.16000,
,,,0.111640000000,   0.16000,
,,,0.111660000000,   0.16000,
,,,0.111680000000,   0.16000,
,,,0.111700000000,   0.16000,
,,,0.111720000000,   0.16000,
,,,0.111740000000,   0.16000,
,,,0.111760000000,   0.16000,
,,,0.111780000000,   0.16000,
,,,0.111800000000,   0.16000,
,,,0.111820000000,   0.16000,
,,,0.111840000000,   0.16000,
,,,0.111860000000,   0.16000,
,,,0.111880000000,   0.16000,
,,,0.111900000000,   0.16000,
,,,0.111920000000,   0.16000,
,,,0.111940000000,   0.16000,
,,,0.111960000000,   0.16000,
,,,0.111980000000,   0.16000,
,,,0.112000000000,   0.16000,
,,,0.112020000000,   0.16000,
,,,0.112040000000,   0.16000,
,,,0.112060000000,   0.16000,
,,,0.112080000000,   0.16000,
,,,0.112100000000,   0.16000,
,,,0.112120000000,   0.16000,
,,,0.112140000000,   0.16000,
,,,0.112160000000,   0.16000,
,,,0.112180000000,   0.16000,
,,,0.112200000000,   0.16000,
,,,0.112220000000,   0.16000,
,,,0.112240000000,   0.16000,
,,,0.112260000000,   0.16000,
,,,0.112280000000,   0.16000,
,,,0.112300000000,   0.16000,
,,,0.112320000000,   0.16000,
,,,0.112340000000,   0.16000,
,,,0.112360000000,   0.16000,
,,,0.112380000000,   0.16000,
,,,0.112400000000,   0.16000,
,,,0.112420000000,   0.16000,
,,,0.112440000000,   0.16000,
,,,0.112460000000,   0.16000,
,,,0.112480000000,   0.16000,
,,,0.112500000000,   0.16000,
,,,0.112520000000,   0.16000,
,,,0.112540000000,   0.16000,
,,,0.112560000000,   0.16000,
,,,0.112580000000,   0.16000,
,,,0.112600000000,   0.16000,
,,,0.112620000000,   0.16000,
,,,0.112640000000,   0.16000,
,,,0.112660000000,   0.16000,
,,,0.112680000000,   0.16000,
,,,0.112700000000,   0.16000,
,,,0.112720000000,   0.16000,
,,,0.112740000000,   0.16000,
,,,0.112760000000,   0.16000,
,,,0.112780000000,   0.16000,
,,,0.112800000000,   0.16000,
,,,0.112820000000,   0.16000,
,,,0.112840000000,   0.16000,
,,,0.112860000000,   0.16000,
,,,0.112880000000,   0.16000,
,,,0.112900000000,   0.16000,
,,,0.112920000000,   0.16000,
,,,0.112940000000,   0.16000,
,,,0.112960000000,   0.16000,
,,,0.112980000000,   0.16000,
,,,0.113000000000,   0.16000,
,,,0.113020000000,   0.18000,
,,,0.113040000000,   0.16000,
,,,0.113060000000,   0.16000,
,,,0.113080000000,   0.16000,
,,,0.113100000000,   0.16000,
,,,0.113120000000,   0.16000,
,,,0.113140000000,   0.16000,
,,,0.113160000000,   0.16000,
,,,0.113180000000,   0.16000,
,,,0.113200000000,   0.16000,
,,,0.113220000000,   0.16000,
,,,0.113240000000,   0.16000,
,,,0.113260000000,   0.16000,
,,,0.113280000000,   0.16000,
,,,0.113300000000,   0.18000,
,,,0.113320000000,   0.16000,
,,,0.113340000000,   0.16000,
,,,0.113360000000,   0.16000,
,,,0.113380000000,   0.16000,
,,,0.113400000000,   0.18000,
,,,0.113420000000,   0.18000,
,,,0.113440000000,   0.16000,
,,,0.113460000000,   0.16000,
,,,0.113480000000,   0.16000,
,,,0.113500000000,   0.18000,
,,,0.113520000000,   0.18000,
,,,0.113540000000,   0.16000,
,,,0.113560000000,   0.18000,
,,,0.113580000000,   0.18000,
,,,0.113600000000,   0.18000,
,,,0.113620000000,   0.16000,
,,,0.113640000000,   0.16000,
,,,0.113660000000,   0.16000,
,,,0.113680000000,   0.16000,
,,,0.113700000000,   0.16000,
,,,0.113720000000,   0.18000,
,,,0.113740000000,   0.18000,
,,,0.113760000000,   0.16000,
,,,0.113780000000,   0.18000,
,,,0.113800000000,   0.16000,
,,,0.113820000000,   0.18000,
,,,0.113840000000,   0.16000,
,,,0.113860000000,   0.18000,
,,,0.113880000000,   0.18000,
,,,0.113900000000,   0.16000,
,,,0.113920000000,   0.18000,
,,,0.113940000000,   0.16000,
,,,0.113960000000,   0.18000,
,,,0.113980000000,   0.18000,
,,,0.114000000000,   0.18000,
,,,0.114020000000,   0.18000,
,,,0.114040000000,   0.16000,
,,,0.114060000000,   0.16000,
,,,0.114080000000,   0.16000,
,,,0.114100000000,   0.18000,
,,,0.114120000000,   0.18000,
,,,0.114140000000,   0.18000,
,,,0.114160000000,   0.18000,
,,,0.114180000000,   0.18000,
,,,0.114200000000,   0.18000,
,,,0.114220000000,   0.18000,
,,,0.114240000000,   0.18000,
,,,0.114260000000,   0.18000,
,,,0.114280000000,   0.18000,
,,,0.114300000000,   0.18000,
,,,0.114320000000,   0.18000,
,,,0.114340000000,   0.18000,
,,,0.114360000000,   0.18000,
,,,0.114380000000,   0.18000,
,,,0.114400000000,   0.18000,
,,,0.114420000000,   0.18000,
,,,0.114440000000,   0.18000,
,,,0.114460000000,   0.18000,
,,,0.114480000000,   0.18000,
,,,0.114500000000,   0.18000,
,,,0.114520000000,   0.18000,
,,,0.114540000000,   0.18000,
,,,0.114560000000,   0.18000,
,,,0.114580000000,   0.18000,
,,,0.114600000000,   0.18000,
,,,0.114620000000,   0.18000,
,,,0.114640000000,   0.18000,
,,,0.114660000000,   0.18000,
,,,0.114680000000,   0.18000,
,,,0.114700000000,   0.18000,
,,,0.114720000000,   0.18000,
,,,0.114740000000,   0.18000,
,,,0.114760000000,   0.18000,
,,,0.114780000000,   0.18000,
,,,0.114800000000,   0.18000,
,,,0.114820000000,   0.18000,
,,,0.114840000000,   0.18000,
,,,0.114860000000,   0.18000,
,,,0.114880000000,   0.18000,
,,,0.114900000000,   0.18000,
,,,0.114920000000,   0.18000,
,,,0.114940000000,   0.18000,
,,,0.114960000000,   0.18000,
,,,0.114980000000,   0.18000,
,,,0.115000000000,   0.18000,
,,,0.115020000000,   0.18000,
,,,0.115040000000,   0.18000,
,,,0.115060000000,   0.18000,
,,,0.115080000000,   0.18000,
,,,0.115100000000,   0.18000,
,,,0.115120000000,   0.18000,
,,,0.115140000000,   0.18000,
,,,0.115160000000,   0.18000,
,,,0.115180000000,   0.18000,
,,,0.115200000000,   0.18000,
,,,0.115220000000,   0.18000,
,,,0.115240000000,   0.18000,
,,,0.115260000000,   0.18000,
,,,0.115280000000,   0.18000,
,,,0.115300000000,   0.18000,
,,,0.115320000000,   0.18000,
,,,0.115340000000,   0.18000,
,,,0.115360000000,   0.18000,
,,,0.115380000000,   0.18000,
,,,0.115400000000,   0.18000,
,,,0.115420000000,   0.18000,
,,,0.115440000000,   0.18000,
,,,0.115460000000,   0.18000,
,,,0.115480000000,   0.18000,
,,,0.115500000000,   0.18000,
,,,0.115520000000,   0.18000,
,,,0.115540000000,   0.18000,
,,,0.115560000000,   0.18000,
,,,0.115580000000,   0.18000,
,,,0.115600000000,   0.18000,
,,,0.115620000000,   0.18000,
,,,0.115640000000,   0.18000,
,,,0.115660000000,   0.18000,
,,,0.115680000000,   0.18000,
,,,0.115700000000,   0.18000,
,,,0.115720000000,   0.18000,
,,,0.115740000000,   0.18000,
,,,0.115760000000,   0.18000,
,,,0.115780000000,   0.18000,
,,,0.115800000000,   0.18000,
,,,0.115820000000,   0.18000,
,,,0.115840000000,   0.18000,
,,,0.115860000000,   0.18000,
,,,0.115880000000,   0.18000,
,,,0.115900000000,   0.18000,
,,,0.115920000000,   0.18000,
,,,0.115940000000,   0.18000,
,,,0.115960000000,   0.18000,
,,,0.115980000000,   0.18000,
,,,0.116000000000,   0.18000,
,,,0.116020000000,   0.18000,
,,,0.116040000000,   0.18000,
,,,0.116060000000,   0.18000,
,,,0.116080000000,   0.18000,
,,,0.116100000000,   0.18000,
,,,0.116120000000,   0.18000,
,,,0.116140000000,   0.18000,
,,,0.116160000000,   0.18000,
,,,0.116180000000,   0.18000,
,,,0.116200000000,   0.18000,
,,,0.116220000000,   0.18000,
,,,0.116240000000,   0.18000,
,,,0.116260000000,   0.18000,
,,,0.116280000000,   0.18000,
,,,0.116300000000,   0.18000,
,,,0.116320000000,   0.18000,
,,,0.116340000000,   0.18000,
,,,0.116360000000,   0.18000,
,,,0.116380000000,   0.18000,
,,,0.116400000000,   0.18000,
,,,0.116420000000,   0.18000,
,,,0.116440000000,   0.18000,
,,,0.116460000000,   0.18000,
,,,0.116480000000,   0.18000,
,,,0.116500000000,   0.18000,
,,,0.116520000000,   0.18000,
,,,0.116540000000,   0.18000,
,,,0.116560000000,   0.18000,
,,,0.116580000000,   0.18000,
,,,0.116600000000,   0.18000,
,,,0.116620000000,   0.18000,
,,,0.116640000000,   0.18000,
,,,0.116660000000,   0.20000,
,,,0.116680000000,   0.18000,
,,,0.116700000000,   0.18000,
,,,0.116720000000,   0.18000,
,,,0.116740000000,   0.18000,
,,,0.116760000000,   0.18000,
,,,0.116780000000,   0.20000,
,,,0.116800000000,   0.18000,
,,,0.116820000000,   0.20000,
,,,0.116840000000,   0.18000,
,,,0.116860000000,   0.18000,
,,,0.116880000000,   0.18000,
,,,0.116900000000,   0.18000,
,,,0.116920000000,   0.18000,
,,,0.116940000000,   0.18000,
,,,0.116960000000,   0.20000,
,,,0.116980000000,   0.18000,
,,,0.117000000000,   0.18000,
,,,0.117020000000,   0.18000,
,,,0.117040000000,   0.20000,
,,,0.117060000000,   0.18000,
,,,0.117080000000,   0.18000,
,,,0.117100000000,   0.20000,
,,,0.117120000000,   0.18000,
,,,0.117140000000,   0.20000,
,,,0.117160000000,   0.20000,
,,,0.117180000000,   0.20000,
,,,0.117200000000,   0.18000,
,,,0.117220000000,   0.20000,
,,,0.117240000000,   0.20000,
,,,0.117260000000,   0.18000,
,,,0.117280000000,   0.20000,
,,,0.117300000000,   0.20000,
,,,0.117320000000,   0.20000,
,,,0.117340000000,   0.20000,
,,,0.117360000000,   0.20000,
,,,0.117380000000,   0.18000,
,,,0.117400000000,   0.18000,
,,,0.117420000000,   0.18000,
,,,0.117440000000,   0.20000,
,,,0.117460000000,   0.20000,
,,,0.117480000000,   0.20000,
,,,0.117500000000,   0.20000,
,,,0.117520000000,   0.20000,
,,,0.117540000000,   0.20000,
,,,0.117560000000,   0.18000,
,,,0.117580000000,   0.20000,
,,,0.117600000000,   0.20000,
,,,0.117620000000,   0.20000,
,,,0.117640000000,   0.20000,
,,,0.117660000000,   0.20000,
,,,0.117680000000,   0.20000,
,,,0.117700000000,   0.18000,
,,,0.117720000000,   0.20000,
,,,0.117740000000,   0.20000,
,,,0.117760000000,   0.20000,
,,,0.117780000000,   0.20000,
,,,0.117800000000,   0.18000,
,,,0.117820000000,   0.20000,
,,,0.117840000000,   0.20000,
,,,0.117860000000,   0.20000,
,,,0.117880000000,   0.20000,
,,,0.117900000000,   0.18000,
,,,0.117920000000,   0.20000,
,,,0.117940000000,   0.20000,
,,,0.117960000000,   0.20000,
,,,0.117980000000,   0.20000,
,,,0.118000000000,   0.20000,
,,,0.118020000000,   0.20000,
,,,0.118040000000,   0.20000,
,,,0.118060000000,   0.20000,
,,,0.118080000000,   0.20000,
,,,0.118100000000,   0.20000,
,,,0.118120000000,   0.20000,
,,,0.118140000000,   0.20000,
,,,0.118160000000,   0.20000,
,,,0.118180000000,   0.20000,
,,,0.118200000000,   0.20000,
,,,0.118220000000,   0.20000,
,,,0.118240000000,   0.20000,
,,,0.118260000000,   0.20000,
,,,0.118280000000,   0.20000,
,,,0.118300000000,   0.20000,
,,,0.118320000000,   0.20000,
,,,0.118340000000,   0.20000,
,,,0.118360000000,   0.20000,
,,,0.118380000000,   0.20000,
,,,0.118400000000,   0.20000,
,,,0.118420000000,   0.20000,
,,,0.118440000000,   0.20000,
,,,0.118460000000,   0.20000,
,,,0.118480000000,   0.20000,
,,,0.118500000000,   0.20000,
,,,0.118520000000,   0.20000,
,,,0.118540000000,   0.20000,
,,,0.118560000000,   0.20000,
,,,0.118580000000,   0.20000,
,,,0.118600000000,   0.20000,
,,,0.118620000000,   0.20000,
,,,0.118640000000,   0.20000,
,,,0.118660000000,   0.20000,
,,,0.118680000000,   0.20000,
,,,0.118700000000,   0.20000,
,,,0.118720000000,   0.20000,
,,,0.118740000000,   0.20000,
,,,0.118760000000,   0.20000,
,,,0.118780000000,   0.20000,
,,,0.118800000000,   0.20000,
,,,0.118820000000,   0.20000,
,,,0.118840000000,   0.20000,
,,,0.118860000000,   0.20000,
,,,0.118880000000,   0.20000,
,,,0.118900000000,   0.20000,
,,,0.118920000000,   0.20000,
,,,0.118940000000,   0.20000,
,,,0.118960000000,   0.20000,
,,,0.118980000000,   0.20000,
,,,0.119000000000,   0.20000,
,,,0.119020000000,   0.20000,
,,,0.119040000000,   0.20000,
,,,0.119060000000,   0.20000,
,,,0.119080000000,   0.20000,
,,,0.119100000000,   0.20000,
,,,0.119120000000,   0.20000,
,,,0.119140000000,   0.20000,
,,,0.119160000000,   0.20000,
,,,0.119180000000,   0.20000,
,,,0.119200000000,   0.20000,
,,,0.119220000000,   0.20000,
,,,0.119240000000,   0.20000,
,,,0.119260000000,   0.20000,
,,,0.119280000000,   0.20000,
,,,0.119300000000,   0.20000,
,,,0.119320000000,   0.20000,
,,,0.119340000000,   0.20000,
,,,0.119360000000,   0.20000,
,,,0.119380000000,   0.20000,
,,,0.119400000000,   0.20000,
,,,0.119420000000,   0.20000,
,,,0.119440000000,   0.20000,
,,,0.119460000000,   0.20000,
,,,0.119480000000,   0.20000,
,,,0.119500000000,   0.20000,
,,,0.119520000000,   0.20000,
,,,0.119540000000,   0.20000,
,,,0.119560000000,   0.20000,
,,,0.119580000000,   0.20000,
,,,0.119600000000,   0.20000,
,,,0.119620000000,   0.20000,
,,,0.119640000000,   0.20000,
,,,0.119660000000,   0.20000,
,,,0.119680000000,   0.20000,
,,,0.119700000000,   0.20000,
,,,0.119720000000,   0.20000,
,,,0.119740000000,   0.20000,
,,,0.119760000000,   0.20000,
,,,0.119780000000,   0.20000,
,,,0.119800000000,   0.20000,
,,,0.119820000000,   0.20000,
,,,0.119840000000,   0.20000,
,,,0.119860000000,   0.20000,
,,,0.119880000000,   0.20000,
,,,0.119900000000,   0.20000,
,,,0.119920000000,   0.20000,
,,,0.119940000000,   0.20000,
,,,0.119960000000,   0.20000,
,,,0.119980000000,   0.20000,
,,,0.120000000000,   0.20000,
,,,0.120020000000,   0.20000,
,,,0.120040000000,   0.20000,
,,,0.120060000000,   0.20000,
,,,0.120080000000,   0.20000,
,,,0.120100000000,   0.20000,
,,,0.120120000000,   0.20000,
,,,0.120140000000,   0.20000,
,,,0.120160000000,   0.20000,
,,,0.120180000000,   0.20000,
,,,0.120200000000,   0.20000,
,,,0.120220000000,   0.20000,
,,,0.120240000000,   0.20000,
,,,0.120260000000,   0.20000,
,,,0.120280000000,   0.20000,
,,,0.120300000000,   0.20000,
,,,0.120320000000,   0.20000,
,,,0.120340000000,   0.20000,
,,,0.120360000000,   0.20000,
,,,0.120380000000,   0.20000,
,,,0.120400000000,   0.20000,
,,,0.120420000000,   0.20000,
,,,0.120440000000,   0.20000,
,,,0.120460000000,   0.20000,
,,,0.120480000000,   0.20000,
,,,0.120500000000,   0.20000,
,,,0.120520000000,   0.20000,
,,,0.120540000000,   0.20000,
,,,0.120560000000,   0.20000,
,,,0.120580000000,   0.20000,
,,,0.120600000000,   0.20000,
,,,0.120620000000,   0.20000,
,,,0.120640000000,   0.20000,
,,,0.120660000000,   0.20000,
,,,0.120680000000,   0.20000,
,,,0.120700000000,   0.20000,
,,,0.120720000000,   0.20000,
,,,0.120740000000,   0.20000,
,,,0.120760000000,   0.20000,
,,,0.120780000000,   0.20000,
,,,0.120800000000,   0.20000,
,,,0.120820000000,   0.20000,
,,,0.120840000000,   0.20000,
,,,0.120860000000,   0.20000,
,,,0.120880000000,   0.20000,
,,,0.120900000000,   0.22000,
,,,0.120920000000,   0.20000,
,,,0.120940000000,   0.20000,
,,,0.120960000000,   0.22000,
,,,0.120980000000,   0.20000,
,,,0.121000000000,   0.20000,
,,,0.121020000000,   0.22000,
,,,0.121040000000,   0.20000,
,,,0.121060000000,   0.20000,
,,,0.121080000000,   0.22000,
,,,0.121100000000,   0.22000,
,,,0.121120000000,   0.20000,
,,,0.121140000000,   0.20000,
,,,0.121160000000,   0.22000,
,,,0.121180000000,   0.22000,
,,,0.121200000000,   0.20000,
,,,0.121220000000,   0.20000,
,,,0.121240000000,   0.20000,
,,,0.121260000000,   0.20000,
,,,0.121280000000,   0.20000,
,,,0.121300000000,   0.22000,
,,,0.121320000000,   0.22000,
,,,0.121340000000,   0.22000,
,,,0.121360000000,   0.22000,
,,,0.121380000000,   0.22000,
,,,0.121400000000,   0.20000,
,,,0.121420000000,   0.22000,
,,,0.121440000000,   0.22000,
,,,0.121460000000,   0.20000,
,,,0.121480000000,   0.22000,
,,,0.121500000000,   0.20000,
,,,0.121520000000,   0.22000,
,,,0.121540000000,   0.22000,
,,,0.121560000000,   0.20000,
,,,0.121580000000,   0.22000,
,,,0.121600000000,   0.22000,
,,,0.121620000000,   0.22000,
,,,0.121640000000,   0.22000,
,,,0.121660000000,   0.20000,
,,,0.121680000000,   0.22000,
,,,0.121700000000,   0.22000,
,,,0.121720000000,   0.22000,
,,,0.121740000000,   0.22000,
,,,0.121760000000,   0.20000,
,,,0.121780000000,   0.22000,
,,,0.121800000000,   0.22000,
,,,0.121820000000,   0.22000,
,,,0.121840000000,   0.22000,
,,,0.121860000000,   0.22000,
,,,0.121880000000,   0.22000,
,,,0.121900000000,   0.22000,
,,,0.121920000000,   0.22000,
,,,0.121940000000,   0.22000,
,,,0.121960000000,   0.22000,
,,,0.121980000000,   0.22000,
,,,0.122000000000,   0.22000,
,,,0.122020000000,   0.22000,
,,,0.122040000000,   0.22000,
,,,0.122060000000,   0.20000,
,,,0.122080000000,   0.22000,
,,,0.122100000000,   0.22000,
,,,0.122120000000,   0.22000,
,,,0.122140000000,   0.22000,
,,,0.122160000000,   0.22000,
,,,0.122180000000,   0.22000,
,,,0.122200000000,   0.22000,
,,,0.122220000000,   0.22000,
,,,0.122240000000,   0.22000,
,,,0.122260000000,   0.22000,
,,,0.122280000000,   0.22000,
,,,0.122300000000,   0.22000,
,,,0.122320000000,   0.22000,
,,,0.122340000000,   0.22000,
,,,0.122360000000,   0.22000,
,,,0.122380000000,   0.22000,
,,,0.122400000000,   0.22000,
,,,0.122420000000,   0.22000,
,,,0.122440000000,   0.22000,
,,,0.122460000000,   0.22000,
,,,0.122480000000,   0.22000,
,,,0.122500000000,   0.22000,
,,,0.122520000000,   0.22000,
,,,0.122540000000,   0.22000,
,,,0.122560000000,   0.22000,
,,,0.122580000000,   0.22000,
,,,0.122600000000,   0.22000,
,,,0.122620000000,   0.22000,
,,,0.122640000000,   0.22000,
,,,0.122660000000,   0.22000,
,,,0.122680000000,   0.22000,
,,,0.122700000000,   0.22000,
,,,0.122720000000,   0.22000,
,,,0.122740000000,   0.22000,
,,,0.122760000000,   0.22000,
,,,0.122780000000,   0.22000,
,,,0.122800000000,   0.22000,
,,,0.122820000000,   0.22000,
,,,0.122840000000,   0.22000,
,,,0.122860000000,   0.22000,
,,,0.122880000000,   0.22000,
,,,0.122900000000,   0.22000,
,,,0.122920000000,   0.22000,
,,,0.122940000000,   0.22000,
,,,0.122960000000,   0.22000,
,,,0.122980000000,   0.22000,
,,,0.123000000000,   0.22000,
,,,0.123020000000,   0.22000,
,,,0.123040000000,   0.22000,
,,,0.123060000000,   0.22000,
,,,0.123080000000,   0.22000,
,,,0.123100000000,   0.22000,
,,,0.123120000000,   0.22000,
,,,0.123140000000,   0.22000,
,,,0.123160000000,   0.22000,
,,,0.123180000000,   0.22000,
,,,0.123200000000,   0.22000,
,,,0.123220000000,   0.22000,
,,,0.123240000000,   0.22000,
,,,0.123260000000,   0.22000,
,,,0.123280000000,   0.22000,
,,,0.123300000000,   0.22000,
,,,0.123320000000,   0.22000,
,,,0.123340000000,   0.22000,
,,,0.123360000000,   0.22000,
,,,0.123380000000,   0.22000,
,,,0.123400000000,   0.22000,
,,,0.123420000000,   0.22000,
,,,0.123440000000,   0.22000,
,,,0.123460000000,   0.22000,
,,,0.123480000000,   0.22000,
,,,0.123500000000,   0.22000,
,,,0.123520000000,   0.22000,
,,,0.123540000000,   0.22000,
,,,0.123560000000,   0.22000,
,,,0.123580000000,   0.22000,
,,,0.123600000000,   0.22000,
,,,0.123620000000,   0.22000,
,,,0.123640000000,   0.22000,
,,,0.123660000000,   0.22000,
,,,0.123680000000,   0.22000,
,,,0.123700000000,   0.22000,
,,,0.123720000000,   0.22000,
,,,0.123740000000,   0.22000,
,,,0.123760000000,   0.22000,
,,,0.123780000000,   0.22000,
,,,0.123800000000,   0.22000,
,,,0.123820000000,   0.22000,
,,,0.123840000000,   0.22000,
,,,0.123860000000,   0.22000,
,,,0.123880000000,   0.22000,
,,,0.123900000000,   0.22000,
,,,0.123920000000,   0.22000,
,,,0.123940000000,   0.22000,
,,,0.123960000000,   0.22000,
,,,0.123980000000,   0.22000,
,,,0.124000000000,   0.22000,
,,,0.124020000000,   0.22000,
,,,0.124040000000,   0.22000,
,,,0.124060000000,   0.22000,
,,,0.124080000000,   0.22000,
,,,0.124100000000,   0.22000,
,,,0.124120000000,   0.22000,
,,,0.124140000000,   0.22000,
,,,0.124160000000,   0.22000,
,,,0.124180000000,   0.22000,
,,,0.124200000000,   0.22000,
,,,0.124220000000,   0.22000,
,,,0.124240000000,   0.22000,
,,,0.124260000000,   0.22000,
,,,0.124280000000,   0.22000,
,,,0.124300000000,   0.22000,
,,,0.124320000000,   0.22000,
,,,0.124340000000,   0.22000,
,,,0.124360000000,   0.22000,
,,,0.124380000000,   0.22000,
,,,0.124400000000,   0.22000,
,,,0.124420000000,   0.22000,
,,,0.124440000000,   0.22000,
,,,0.124460000000,   0.22000,
,,,0.124480000000,   0.24000,
,,,0.124500000000,   0.22000,
,,,0.124520000000,   0.22000,
,,,0.124540000000,   0.22000,
,,,0.124560000000,   0.22000,
,,,0.124580000000,   0.22000,
,,,0.124600000000,   0.22000,
,,,0.124620000000,   0.22000,
,,,0.124640000000,   0.24000,
,,,0.124660000000,   0.22000,
,,,0.124680000000,   0.24000,
,,,0.124700000000,   0.24000,
,,,0.124720000000,   0.22000,
,,,0.124740000000,   0.22000,
,,,0.124760000000,   0.22000,
,,,0.124780000000,   0.22000,
,,,0.124800000000,   0.22000,
,,,0.124820000000,   0.24000,
,,,0.124840000000,   0.24000,
,,,0.124860000000,   0.22000,
,,,0.124880000000,   0.24000,
,,,0.124900000000,   0.22000,
,,,0.124920000000,   0.24000,
,,,0.124940000000,   0.24000,
,,,0.124960000000,   0.24000,
,,,0.124980000000,   0.24000,
,,,0.125000000000,   0.24000,
,,,0.125020000000,   0.24000,
,,,0.125040000000,   0.24000,
,,,0.125060000000,   0.24000,
,,,0.125080000000,   0.24000,
,,,0.125100000000,   0.24000,
,,,0.125120000000,   0.22000,
,,,0.125140000000,   0.24000,
,,,0.125160000000,   0.22000,
,,,0.125180000000,   0.24000,
,,,0.125200000000,   0.24000,
,,,0.125220000000,   0.24000,
,,,0.125240000000,   0.24000,
,,,0.125260000000,   0.24000,
,,,0.125280000000,   0.24000,
,,,0.125300000000,   0.24000,
,,,0.125320000000,   0.24000,
,,,0.125340000000,   0.24000,
,,,0.125360000000,   0.24000,
,,,0.125380000000,   0.24000,
,,,0.125400000000,   0.24000,
,,,0.125420000000,   0.24000,
,,,0.125440000000,   0.24000,
,,,0.125460000000,   0.24000,
,,,0.125480000000,   0.24000,
,,,0.125500000000,   0.24000,
,,,0.125520000000,   0.24000,
,,,0.125540000000,   0.24000,
,,,0.125560000000,   0.24000,
,,,0.125580000000,   0.24000,
,,,0.125600000000,   0.24000,
,,,0.125620000000,   0.24000,
,,,0.125640000000,   0.24000,
,,,0.125660000000,   0.24000,
,,,0.125680000000,   0.24000,
,,,0.125700000000,   0.24000,
,,,0.125720000000,   0.24000,
,,,0.125740000000,   0.24000,
,,,0.125760000000,   0.24000,
,,,0.125780000000,   0.24000,
,,,0.125800000000,   0.24000,
,,,0.125820000000,   0.24000,
,,,0.125840000000,   0.24000,
,,,0.125860000000,   0.24000,
,,,0.125880000000,   0.24000,
,,,0.125900000000,   0.24000,
,,,0.125920000000,   0.24000,
,,,0.125940000000,   0.24000,
,,,0.125960000000,   0.24000,
,,,0.125980000000,   0.24000,
,,,0.126000000000,   0.24000,
,,,0.126020000000,   0.24000,
,,,0.126040000000,   0.24000,
,,,0.126060000000,   0.24000,
,,,0.126080000000,   0.24000,
,,,0.126100000000,   0.24000,
,,,0.126120000000,   0.24000,
,,,0.126140000000,   0.24000,
,,,0.126160000000,   0.24000,
,,,0.126180000000,   0.24000,
,,,0.126200000000,   0.24000,
,,,0.126220000000,   0.24000,
,,,0.126240000000,   0.24000,
,,,0.126260000000,   0.24000,
,,,0.126280000000,   0.24000,
,,,0.126300000000,   0.24000,
,,,0.126320000000,   0.24000,
,,,0.126340000000,   0.24000,
,,,0.126360000000,   0.24000,
,,,0.126380000000,   0.24000,
,,,0.126400000000,   0.24000,
,,,0.126420000000,   0.24000,
,,,0.126440000000,   0.24000,
,,,0.126460000000,   0.24000,
,,,0.126480000000,   0.24000,
,,,0.126500000000,   0.24000,
,,,0.126520000000,   0.24000,
,,,0.126540000000,   0.24000,
,,,0.126560000000,   0.24000,
,,,0.126580000000,   0.24000,
,,,0.126600000000,   0.24000,
,,,0.126620000000,   0.24000,
,,,0.126640000000,   0.24000,
,,,0.126660000000,   0.24000,
,,,0.126680000000,   0.24000,
,,,0.126700000000,   0.24000,
,,,0.126720000000,   0.24000,
,,,0.126740000000,   0.24000,
,,,0.126760000000,   0.24000,
,,,0.126780000000,   0.24000,
,,,0.126800000000,   0.24000,
,,,0.126820000000,   0.24000,
,,,0.126840000000,   0.24000,
,,,0.126860000000,   0.24000,
,,,0.126880000000,   0.24000,
,,,0.126900000000,   0.24000,
,,,0.126920000000,   0.24000,
,,,0.126940000000,   0.24000,
,,,0.126960000000,   0.24000,
,,,0.126980000000,   0.24000,
,,,0.127000000000,   0.24000,
,,,0.127020000000,   0.24000,
,,,0.127040000000,   0.24000,
,,,0.127060000000,   0.24000,
,,,0.127080000000,   0.24000,
,,,0.127100000000,   0.24000,
,,,0.127120000000,   0.24000,
,,,0.127140000000,   0.24000,
,,,0.127160000000,   0.24000,
,,,0.127180000000,   0.24000,
,,,0.127200000000,   0.24000,
,,,0.127220000000,   0.24000,
,,,0.127240000000,   0.24000,
,,,0.127260000000,   0.24000,
,,,0.127280000000,   0.24000,
,,,0.127300000000,   0.24000,
,,,0.127320000000,   0.24000,
,,,0.127340000000,   0.24000,
,,,0.127360000000,   0.24000,
,,,0.127380000000,   0.24000,
,,,0.127400000000,   0.24000,
,,,0.127420000000,   0.24000,
,,,0.127440000000,   0.24000,
,,,0.127460000000,   0.24000,
,,,0.127480000000,   0.24000,
,,,0.127500000000,   0.24000,
,,,0.127520000000,   0.24000,
,,,0.127540000000,   0.24000,
,,,0.127560000000,   0.24000,
,,,0.127580000000,   0.24000,
,,,0.127600000000,   0.24000,
,,,0.127620000000,   0.24000,
,,,0.127640000000,   0.24000,
,,,0.127660000000,   0.24000,
,,,0.127680000000,   0.24000,
,,,0.127700000000,   0.24000,
,,,0.127720000000,   0.24000,
,,,0.127740000000,   0.24000,
,,,0.127760000000,   0.24000,
,,,0.127780000000,   0.24000,
,,,0.127800000000,   0.24000,
,,,0.127820000000,   0.24000,
,,,0.127840000000,   0.24000,
,,,0.127860000000,   0.24000,
,,,0.127880000000,   0.24000,
,,,0.127900000000,   0.24000,
,,,0.127920000000,   0.24000,
,,,0.127940000000,   0.24000,
,,,0.127960000000,   0.24000,
,,,0.127980000000,   0.24000,
,,,0.128000000000,   0.24000,
,,,0.128020000000,   0.24000,
,,,0.128040000000,   0.24000,
,,,0.128060000000,   0.24000,
,,,0.128080000000,   0.24000,
,,,0.128100000000,   0.24000,
,,,0.128120000000,   0.24000,
,,,0.128140000000,   0.24000,
,,,0.128160000000,   0.24000,
,,,0.128180000000,   0.24000,
,,,0.128200000000,   0.24000,
,,,0.128220000000,   0.24000,
,,,0.128240000000,   0.24000,
,,,0.128260000000,   0.24000,
,,,0.128280000000,   0.24000,
,,,0.128300000000,   0.24000,
,,,0.128320000000,   0.24000,
,,,0.128340000000,   0.24000,
,,,0.128360000000,   0.24000,
,,,0.128380000000,   0.24000,
,,,0.128400000000,   0.24000,
,,,0.128420000000,   0.24000,
,,,0.128440000000,   0.24000,
,,,0.128460000000,   0.24000,
,,,0.128480000000,   0.24000,
,,,0.128500000000,   0.24000,
,,,0.128520000000,   0.24000,
,,,0.128540000000,   0.24000,
,,,0.128560000000,   0.24000,
,,,0.128580000000,   0.24000,
,,,0.128600000000,   0.24000,
,,,0.128620000000,   0.24000,
,,,0.128640000000,   0.24000,
,,,0.128660000000,   0.24000,
,,,0.128680000000,   0.24000,
,,,0.128700000000,   0.24000,
,,,0.128720000000,   0.24000,
,,,0.128740000000,   0.24000,
,,,0.128760000000,   0.24000,
,,,0.128780000000,   0.24000,
,,,0.128800000000,   0.24000,
,,,0.128820000000,   0.24000,
,,,0.128840000000,   0.24000,
,,,0.128860000000,   0.24000,
,,,0.128880000000,   0.24000,
,,,0.128900000000,   0.24000,
,,,0.128920000000,   0.24000,
,,,0.128940000000,   0.24000,
,,,0.128960000000,   0.24000,
,,,0.128980000000,   0.24000,
,,,0.129000000000,   0.24000,
,,,0.129020000000,   0.24000,
,,,0.129040000000,   0.24000,
,,,0.129060000000,   0.24000,
,,,0.129080000000,   0.24000,
,,,0.129100000000,   0.24000,
,,,0.129120000000,   0.24000,
,,,0.129140000000,   0.24000,
,,,0.129160000000,   0.24000,
,,,0.129180000000,   0.24000,
,,,0.129200000000,   0.24000,
,,,0.129220000000,   0.24000,
,,,0.129240000000,   0.24000,
,,,0.129260000000,   0.26000,
,,,0.129280000000,   0.24000,
,,,0.129300000000,   0.24000,
,,,0.129320000000,   0.24000,
,,,0.129340000000,   0.26000,
,,,0.129360000000,   0.24000,
,,,0.129380000000,   0.24000,
,,,0.129400000000,   0.24000,
,,,0.129420000000,   0.26000,
,,,0.129440000000,   0.24000,
,,,0.129460000000,   0.24000,
,,,0.129480000000,   0.24000,
,,,0.129500000000,   0.24000,
,,,0.129520000000,   0.24000,
,,,0.129540000000,   0.24000,
,,,0.129560000000,   0.24000,
,,,0.129580000000,   0.24000,
,,,0.129600000000,   0.24000,
,,,0.129620000000,   0.26000,
,,,0.129640000000,   0.24000,
,,,0.129660000000,   0.24000,
,,,0.129680000000,   0.26000,
,,,0.129700000000,   0.26000,
,,,0.129720000000,   0.24000,
,,,0.129740000000,   0.26000,
,,,0.129760000000,   0.26000,
,,,0.129780000000,   0.26000,
,,,0.129800000000,   0.24000,
,,,0.129820000000,   0.26000,
,,,0.129840000000,   0.26000,
,,,0.129860000000,   0.26000,
,,,0.129880000000,   0.26000,
,,,0.129900000000,   0.24000,
,,,0.129920000000,   0.24000,
,,,0.129940000000,   0.24000,
,,,0.129960000000,   0.26000,
,,,0.129980000000,   0.24000,
,,,0.130000000000,   0.26000,
,,,0.130020000000,   0.26000,
,,,0.130040000000,   0.26000,
,,,0.130060000000,   0.26000,
,,,0.130080000000,   0.26000,
,,,0.130100000000,   0.26000,
,,,0.130120000000,   0.26000,
,,,0.130140000000,   0.26000,
,,,0.130160000000,   0.26000,
,,,0.130180000000,   0.26000,
,,,0.130200000000,   0.26000,
,,,0.130220000000,   0.26000,
,,,0.130240000000,   0.26000,
,,,0.130260000000,   0.26000,
,,,0.130280000000,   0.24000,
,,,0.130300000000,   0.26000,
,,,0.130320000000,   0.26000,
,,,0.130340000000,   0.26000,
,,,0.130360000000,   0.26000,
,,,0.130380000000,   0.26000,
,,,0.130400000000,   0.26000,
,,,0.130420000000,   0.26000,
,,,0.130440000000,   0.26000,
,,,0.130460000000,   0.26000,
,,,0.130480000000,   0.26000,
,,,0.130500000000,   0.26000,
,,,0.130520000000,   0.24000,
,,,0.130540000000,   0.26000,
,,,0.130560000000,   0.26000,
,,,0.130580000000,   0.26000,
,,,0.130600000000,   0.26000,
,,,0.130620000000,   0.26000,
,,,0.130640000000,   0.26000,
,,,0.130660000000,   0.26000,
,,,0.130680000000,   0.26000,
,,,0.130700000000,   0.26000,
,,,0.130720000000,   0.26000,
,,,0.130740000000,   0.26000,
,,,0.130760000000,   0.26000,
,,,0.130780000000,   0.26000,
,,,0.130800000000,   0.26000,
,,,0.130820000000,   0.26000,
,,,0.130840000000,   0.26000,
,,,0.130860000000,   0.26000,
,,,0.130880000000,   0.26000,
,,,0.130900000000,   0.26000,
,,,0.130920000000,   0.26000,
,,,0.130940000000,   0.26000,
,,,0.130960000000,   0.26000,
,,,0.130980000000,   0.26000,
,,,0.131000000000,   0.26000,
,,,0.131020000000,   0.26000,
,,,0.131040000000,   0.26000,
,,,0.131060000000,   0.26000,
,,,0.131080000000,   0.26000,
,,,0.131100000000,   0.26000,
,,,0.131120000000,   0.26000,
,,,0.131140000000,   0.26000,
,,,0.131160000000,   0.26000,
,,,0.131180000000,   0.26000,
,,,0.131200000000,   0.26000,
,,,0.131220000000,   0.26000,
,,,0.131240000000,   0.26000,
,,,0.131260000000,   0.26000,
,,,0.131280000000,   0.26000,
,,,0.131300000000,   0.26000,
,,,0.131320000000,   0.26000,
,,,0.131340000000,   0.26000,
,,,0.131360000000,   0.26000,
,,,0.131380000000,   0.26000,
,,,0.131400000000,   0.26000,
,,,0.131420000000,   0.26000,
,,,0.131440000000,   0.26000,
,,,0.131460000000,   0.26000,
,,,0.131480000000,   0.26000,
,,,0.131500000000,   0.26000,
,,,0.131520000000,   0.26000,
,,,0.131540000000,   0.26000,
,,,0.131560000000,   0.26000,
,,,0.131580000000,   0.26000,
,,,0.131600000000,   0.26000,
,,,0.131620000000,   0.26000,
,,,0.131640000000,   0.26000,
,,,0.131660000000,   0.26000,
,,,0.131680000000,   0.26000,
,,,0.131700000000,   0.26000,
,,,0.131720000000,   0.26000,
,,,0.131740000000,   0.26000,
,,,0.131760000000,   0.26000,
,,,0.131780000000,   0.26000,
,,,0.131800000000,   0.26000,
,,,0.131820000000,   0.26000,
,,,0.131840000000,   0.26000,
,,,0.131860000000,   0.26000,
,,,0.131880000000,   0.26000,
,,,0.131900000000,   0.26000,
,,,0.131920000000,   0.26000,
,,,0.131940000000,   0.26000,
,,,0.131960000000,   0.26000,
,,,0.131980000000,   0.26000,
,,,0.132000000000,   0.26000,
,,,0.132020000000,   0.26000,
,,,0.132040000000,   0.26000,
,,,0.132060000000,   0.26000,
,,,0.132080000000,   0.26000,
,,,0.132100000000,   0.26000,
,,,0.132120000000,   0.26000,
,,,0.132140000000,   0.26000,
,,,0.132160000000,   0.26000,
,,,0.132180000000,   0.26000,
,,,0.132200000000,   0.26000,
,,,0.132220000000,   0.26000,
,,,0.132240000000,   0.26000,
,,,0.132260000000,   0.26000,
,,,0.132280000000,   0.26000,
,,,0.132300000000,   0.26000,
,,,0.132320000000,   0.26000,
,,,0.132340000000,   0.26000,
,,,0.132360000000,   0.26000,
,,,0.132380000000,   0.26000,
,,,0.132400000000,   0.26000,
,,,0.132420000000,   0.26000,
,,,0.132440000000,   0.26000,
,,,0.132460000000,   0.26000,
,,,0.132480000000,   0.26000,
,,,0.132500000000,   0.26000,
,,,0.132520000000,   0.26000,
,,,0.132540000000,   0.26000,
,,,0.132560000000,   0.26000,
,,,0.132580000000,   0.26000,
,,,0.132600000000,   0.26000,
,,,0.132620000000,   0.26000,
,,,0.132640000000,   0.26000,
,,,0.132660000000,   0.26000,
,,,0.132680000000,   0.26000,
,,,0.132700000000,   0.26000,
,,,0.132720000000,   0.26000,
,,,0.132740000000,   0.26000,
,,,0.132760000000,   0.26000,
,,,0.132780000000,   0.26000,
,,,0.132800000000,   0.26000,
,,,0.132820000000,   0.26000,
,,,0.132840000000,   0.26000,
,,,0.132860000000,   0.28000,
,,,0.132880000000,   0.26000,
,,,0.132900000000,   0.26000,
,,,0.132920000000,   0.28000,
,,,0.132940000000,   0.26000,
,,,0.132960000000,   0.26000,
,,,0.132980000000,   0.26000,
,,,0.133000000000,   0.26000,
,,,0.133020000000,   0.28000,
,,,0.133040000000,   0.26000,
,,,0.133060000000,   0.28000,
,,,0.133080000000,   0.26000,
,,,0.133100000000,   0.28000,
,,,0.133120000000,   0.28000,
,,,0.133140000000,   0.28000,
,,,0.133160000000,   0.26000,
,,,0.133180000000,   0.26000,
,,,0.133200000000,   0.28000,
,,,0.133220000000,   0.28000,
,,,0.133240000000,   0.26000,
,,,0.133260000000,   0.28000,
,,,0.133280000000,   0.28000,
,,,0.133300000000,   0.26000,
,,,0.133320000000,   0.28000,
,,,0.133340000000,   0.28000,
,,,0.133360000000,   0.28000,
,,,0.133380000000,   0.28000,
,,,0.133400000000,   0.28000,
,,,0.133420000000,   0.26000,
,,,0.133440000000,   0.28000,
,,,0.133460000000,   0.28000,
,,,0.133480000000,   0.28000,
,,,0.133500000000,   0.28000,
,,,0.133520000000,   0.28000,
,,,0.133540000000,   0.28000,
,,,0.133560000000,   0.28000,
,,,0.133580000000,   0.28000,
,,,0.133600000000,   0.28000,
,,,0.133620000000,   0.28000,
,,,0.133640000000,   0.28000,
,,,0.133660000000,   0.28000,
,,,0.133680000000,   0.28000,
,,,0.133700000000,   0.28000,
,,,0.133720000000,   0.28000,
,,,0.133740000000,   0.28000,
,,,0.133760000000,   0.28000,
,,,0.133780000000,   0.28000,
,,,0.133800000000,   0.28000,
,,,0.133820000000,   0.28000,
,,,0.133840000000,   0.28000,
,,,0.133860000000,   0.28000,
,,,0.133880000000,   0.28000,
,,,0.133900000000,   0.28000,
,,,0.133920000000,   0.28000,
,,,0.133940000000,   0.28000,
,,,0.133960000000,   0.28000,
,,,0.133980000000,   0.28000,
,,,0.134000000000,   0.28000,
,,,0.134020000000,   0.28000,
,,,0.134040000000,   0.28000,
,,,0.134060000000,   0.28000,
,,,0.134080000000,   0.28000,
,,,0.134100000000,   0.28000,
,,,0.134120000000,   0.28000,
,,,0.134140000000,   0.28000,
,,,0.134160000000,   0.28000,
,,,0.134180000000,   0.28000,
,,,0.134200000000,   0.28000,
,,,0.134220000000,   0.28000,
,,,0.134240000000,   0.28000,
,,,0.134260000000,   0.28000,
,,,0.134280000000,   0.28000,
,,,0.134300000000,   0.28000,
,,,0.134320000000,   0.28000,
,,,0.134340000000,   0.28000,
,,,0.134360000000,   0.28000,
,,,0.134380000000,   0.28000,
,,,0.134400000000,   0.28000,
,,,0.134420000000,   0.28000,
,,,0.134440000000,   0.28000,
,,,0.134460000000,   0.28000,
,,,0.134480000000,   0.28000,
,,,0.134500000000,   0.28000,
,,,0.134520000000,   0.28000,
,,,0.134540000000,   0.28000,
,,,0.134560000000,   0.28000,
,,,0.134580000000,   0.28000,
,,,0.134600000000,   0.28000,
,,,0.134620000000,   0.28000,
,,,0.134640000000,   0.28000,
,,,0.134660000000,   0.28000,
,,,0.134680000000,   0.28000,
,,,0.134700000000,   0.28000,
,,,0.134720000000,   0.28000,
,,,0.134740000000,   0.28000,
,,,0.134760000000,   0.28000,
,,,0.134780000000,   0.28000,
,,,0.134800000000,   0.28000,
,,,0.134820000000,   0.28000,
,,,0.134840000000,   0.28000,
,,,0.134860000000,   0.28000,
,,,0.134880000000,   0.28000,
,,,0.134900000000,   0.28000,
,,,0.134920000000,   0.28000,
,,,0.134940000000,   0.28000,
,,,0.134960000000,   0.28000,
,,,0.134980000000,   0.28000,
,,,0.135000000000,   0.28000,
,,,0.135020000000,   0.28000,
,,,0.135040000000,   0.28000,
,,,0.135060000000,   0.28000,
,,,0.135080000000,   0.28000,
,,,0.135100000000,   0.28000,
,,,0.135120000000,   0.28000,
,,,0.135140000000,   0.28000,
,,,0.135160000000,   0.28000,
,,,0.135180000000,   0.28000,
,,,0.135200000000,   0.28000,
,,,0.135220000000,   0.28000,
,,,0.135240000000,   0.28000,
,,,0.135260000000,   0.28000,
,,,0.135280000000,   0.28000,
,,,0.135300000000,   0.28000,
,,,0.135320000000,   0.28000,
,,,0.135340000000,   0.28000,
,,,0.135360000000,   0.28000,
,,,0.135380000000,   0.28000,
,,,0.135400000000,   0.28000,
,,,0.135420000000,   0.28000,
,,,0.135440000000,   0.28000,
,,,0.135460000000,   0.28000,
,,,0.135480000000,   0.28000,
,,,0.135500000000,   0.28000,
,,,0.135520000000,   0.28000,
,,,0.135540000000,   0.28000,
,,,0.135560000000,   0.28000,
,,,0.135580000000,   0.28000,
,,,0.135600000000,   0.28000,
,,,0.135620000000,   0.28000,
,,,0.135640000000,   0.28000,
,,,0.135660000000,   0.28000,
,,,0.135680000000,   0.28000,
,,,0.135700000000,   0.28000,
,,,0.135720000000,   0.28000,
,,,0.135740000000,   0.28000,
,,,0.135760000000,   0.28000,
,,,0.135780000000,   0.28000,
,,,0.135800000000,   0.28000,
,,,0.135820000000,   0.28000,
,,,0.135840000000,   0.28000,
,,,0.135860000000,   0.28000,
,,,0.135880000000,   0.28000,
,,,0.135900000000,   0.28000,
,,,0.135920000000,   0.28000,
,,,0.135940000000,   0.28000,
,,,0.135960000000,   0.28000,
,,,0.135980000000,   0.28000,
,,,0.136000000000,   0.28000,
,,,0.136020000000,   0.28000,
,,,0.136040000000,   0.28000,
,,,0.136060000000,   0.28000,
,,,0.136080000000,   0.28000,
,,,0.136100000000,   0.28000,
,,,0.136120000000,   0.28000,
,,,0.136140000000,   0.28000,
,,,0.136160000000,   0.28000,
,,,0.136180000000,   0.28000,
,,,0.136200000000,   0.28000,
,,,0.136220000000,   0.28000,
,,,0.136240000000,   0.28000,
,,,0.136260000000,   0.28000,
,,,0.136280000000,   0.28000,
,,,0.136300000000,   0.28000,
,,,0.136320000000,   0.28000,
,,,0.136340000000,   0.28000,
,,,0.136360000000,   0.28000,
,,,0.136380000000,   0.28000,
,,,0.136400000000,   0.28000,
,,,0.136420000000,   0.28000,
,,,0.136440000000,   0.28000,
,,,0.136460000000,   0.28000,
,,,0.136480000000,   0.28000,
,,,0.136500000000,   0.28000,
,,,0.136520000000,   0.30000,
,,,0.136540000000,   0.28000,
,,,0.136560000000,   0.30000,
,,,0.136580000000,   0.28000,
,,,0.136600000000,   0.28000,
,,,0.136620000000,   0.30000,
,,,0.136640000000,   0.30000,
,,,0.136660000000,   0.28000,
,,,0.136680000000,   0.28000,
,,,0.136700000000,   0.30000,
,,,0.136720000000,   0.28000,
,,,0.136740000000,   0.30000,
,,,0.136760000000,   0.30000,
,,,0.136780000000,   0.30000,
,,,0.136800000000,   0.28000,
,,,0.136820000000,   0.28000,
,,,0.136840000000,   0.30000,
,,,0.136860000000,   0.30000,
,,,0.136880000000,   0.30000,
,,,0.136900000000,   0.30000,
,,,0.136920000000,   0.28000,
,,,0.136940000000,   0.30000,
,,,0.136960000000,   0.30000,
,,,0.136980000000,   0.30000,
,,,0.137000000000,   0.30000,
,,,0.137020000000,   0.30000,
,,,0.137040000000,   0.30000,
,,,0.137060000000,   0.30000,
,,,0.137080000000,   0.30000,
,,,0.137100000000,   0.30000,
,,,0.137120000000,   0.30000,
,,,0.137140000000,   0.30000,
,,,0.137160000000,   0.30000,
,,,0.137180000000,   0.30000,
,,,0.137200000000,   0.30000,
,,,0.137220000000,   0.30000,
,,,0.137240000000,   0.30000,
,,,0.137260000000,   0.30000,
,,,0.137280000000,   0.30000,
,,,0.137300000000,   0.28000,
,,,0.137320000000,   0.30000,
,,,0.137340000000,   0.30000,
,,,0.137360000000,   0.30000,
,,,0.137380000000,   0.30000,
,,,0.137400000000,   0.30000,
,,,0.137420000000,   0.30000,
,,,0.137440000000,   0.30000,
,,,0.137460000000,   0.30000,
,,,0.137480000000,   0.30000,
,,,0.137500000000,   0.30000,
,,,0.137520000000,   0.30000,
,,,0.137540000000,   0.30000,
,,,0.137560000000,   0.30000,
,,,0.137580000000,   0.30000,
,,,0.137600000000,   0.30000,
,,,0.137620000000,   0.30000,
,,,0.137640000000,   0.30000,
,,,0.137660000000,   0.30000,
,,,0.137680000000,   0.30000,
,,,0.137700000000,   0.30000,
,,,0.137720000000,   0.30000,
,,,0.137740000000,   0.30000,
,,,0.137760000000,   0.30000,
,,,0.137780000000,   0.30000,
,,,0.137800000000,   0.30000,
,,,0.137820000000,   0.30000,
,,,0.137840000000,   0.30000,
,,,0.137860000000,   0.30000,
,,,0.137880000000,   0.30000,
,,,0.137900000000,   0.30000,
,,,0.137920000000,   0.30000,
,,,0.137940000000,   0.30000,
,,,0.137960000000,   0.30000,
,,,0.137980000000,   0.30000,
,,,0.138000000000,   0.30000,
,,,0.138020000000,   0.30000,
,,,0.138040000000,   0.30000,
,,,0.138060000000,   0.30000,
,,,0.138080000000,   0.30000,
,,,0.138100000000,   0.30000,
,,,0.138120000000,   0.30000,
,,,0.138140000000,   0.30000,
,,,0.138160000000,   0.30000,
,,,0.138180000000,   0.30000,
,,,0.138200000000,   0.30000,
,,,0.138220000000,   0.30000,
,,,0.138240000000,   0.30000,
,,,0.138260000000,   0.30000,
,,,0.138280000000,   0.30000,
,,,0.138300000000,   0.30000,
,,,0.138320000000,   0.30000,
,,,0.138340000000,   0.30000,
,,,0.138360000000,   0.30000,
,,,0.138380000000,   0.30000,
,,,0.138400000000,   0.30000,
,,,0.138420000000,   0.30000,
,,,0.138440000000,   0.30000,
,,,0.138460000000,   0.30000,
,,,0.138480000000,   0.30000,
,,,0.138500000000,   0.30000,
,,,0.138520000000,   0.30000,
,,,0.138540000000,   0.30000,
,,,0.138560000000,   0.30000,
,,,0.138580000000,   0.30000,
,,,0.138600000000,   0.30000,
,,,0.138620000000,   0.30000,
,,,0.138640000000,   0.30000,
,,,0.138660000000,   0.30000,
,,,0.138680000000,   0.30000,
,,,0.138700000000,   0.30000,
,,,0.138720000000,   0.30000,
,,,0.138740000000,   0.30000,
,,,0.138760000000,   0.30000,
,,,0.138780000000,   0.30000,
,,,0.138800000000,   0.30000,
,,,0.138820000000,   0.30000,
,,,0.138840000000,   0.30000,
,,,0.138860000000,   0.30000,
,,,0.138880000000,   0.30000,
,,,0.138900000000,   0.30000,
,,,0.138920000000,   0.30000,
,,,0.138940000000,   0.30000,
,,,0.138960000000,   0.30000,
,,,0.138980000000,   0.30000,
,,,0.139000000000,   0.30000,
,,,0.139020000000,   0.30000,
,,,0.139040000000,   0.30000,
,,,0.139060000000,   0.30000,
,,,0.139080000000,   0.30000,
,,,0.139100000000,   0.30000,
,,,0.139120000000,   0.30000,
,,,0.139140000000,   0.30000,
,,,0.139160000000,   0.30000,
,,,0.139180000000,   0.30000,
,,,0.139200000000,   0.30000,
,,,0.139220000000,   0.30000,
,,,0.139240000000,   0.30000,
,,,0.139260000000,   0.30000,
,,,0.139280000000,   0.30000,
,,,0.139300000000,   0.30000,
,,,0.139320000000,   0.30000,
,,,0.139340000000,   0.30000,
,,,0.139360000000,   0.30000,
,,,0.139380000000,   0.30000,
,,,0.139400000000,   0.30000,
,,,0.139420000000,   0.30000,
,,,0.139440000000,   0.30000,
,,,0.139460000000,   0.30000,
,,,0.139480000000,   0.30000,
,,,0.139500000000,   0.30000,
,,,0.139520000000,   0.30000,
,,,0.139540000000,   0.30000,
,,,0.139560000000,   0.30000,
,,,0.139580000000,   0.30000,
,,,0.139600000000,   0.30000,
,,,0.139620000000,   0.30000,
,,,0.139640000000,   0.30000,
,,,0.139660000000,   0.30000,
,,,0.139680000000,   0.30000,
,,,0.139700000000,   0.30000,
,,,0.139720000000,   0.30000,
,,,0.139740000000,   0.30000,
,,,0.139760000000,   0.30000,
,,,0.139780000000,   0.30000,
,,,0.139800000000,   0.30000,
,,,0.139820000000,   0.30000,
,,,0.139840000000,   0.30000,
,,,0.139860000000,   0.30000,
,,,0.139880000000,   0.30000,
,,,0.139900000000,   0.30000,
,,,0.139920000000,   0.30000,
,,,0.139940000000,   0.30000,
,,,0.139960000000,   0.30000,
,,,0.139980000000,   0.30000,
,,,0.140000000000,   0.30000,
,,,0.140020000000,   0.30000,
,,,0.140040000000,   0.30000,
,,,0.140060000000,   0.30000,
,,,0.140080000000,   0.30000,
,,,0.140100000000,   0.30000,
,,,0.140120000000,   0.30000,
,,,0.140140000000,   0.30000,
,,,0.140160000000,   0.30000,
,,,0.140180000000,   0.30000,
,,,0.140200000000,   0.30000,
,,,0.140220000000,   0.30000,
,,,0.140240000000,   0.30000,
,,,0.140260000000,   0.30000,
,,,0.140280000000,   0.30000,
,,,0.140300000000,   0.30000,
,,,0.140320000000,   0.30000,
,,,0.140340000000,   0.30000,
,,,0.140360000000,   0.30000,
,,,0.140380000000,   0.30000,
,,,0.140400000000,   0.30000,
,,,0.140420000000,   0.30000,
,,,0.140440000000,   0.30000,
,,,0.140460000000,   0.30000,
,,,0.140480000000,   0.30000,
,,,0.140500000000,   0.30000,
,,,0.140520000000,   0.30000,
,,,0.140540000000,   0.32000,
,,,0.140560000000,   0.30000,
,,,0.140580000000,   0.30000,
,,,0.140600000000,   0.32000,
,,,0.140620000000,   0.30000,
,,,0.140640000000,   0.32000,
,,,0.140660000000,   0.30000,
,,,0.140680000000,   0.32000,
,,,0.140700000000,   0.30000,
,,,0.140720000000,   0.30000,
,,,0.140740000000,   0.32000,
,,,0.140760000000,   0.30000,
,,,0.140780000000,   0.32000,
,,,0.140800000000,   0.32000,
,,,0.140820000000,   0.30000,
,,,0.140840000000,   0.30000,
,,,0.140860000000,   0.32000,
,,,0.140880000000,   0.30000,
,,,0.140900000000,   0.32000,
,,,0.140920000000,   0.30000,
,,,0.140940000000,   0.32000,
,,,0.140960000000,   0.30000,
,,,0.140980000000,   0.32000,
,,,0.141000000000,   0.32000,
,,,0.141020000000,   0.32000,
,,,0.141040000000,   0.32000,
,,,0.141060000000,   0.32000,
,,,0.141080000000,   0.32000,
,,,0.141100000000,   0.30000,
,,,0.141120000000,   0.30000,
,,,0.141140000000,   0.32000,
,,,0.141160000000,   0.32000,
,,,0.141180000000,   0.32000,
,,,0.141200000000,   0.32000,
,,,0.141220000000,   0.32000,
,,,0.141240000000,   0.32000,
,,,0.141260000000,   0.32000,
,,,0.141280000000,   0.32000,
,,,0.141300000000,   0.30000,
,,,0.141320000000,   0.32000,
,,,0.141340000000,   0.32000,
,,,0.141360000000,   0.32000,
,,,0.141380000000,   0.32000,
,,,0.141400000000,   0.32000,
,,,0.141420000000,   0.32000,
,,,0.141440000000,   0.32000,
,,,0.141460000000,   0.32000,
,,,0.141480000000,   0.32000,
,,,0.141500000000,   0.32000,
,,,0.141520000000,   0.32000,
,,,0.141540000000,   0.32000,
,,,0.141560000000,   0.32000,
,,,0.141580000000,   0.32000,
,,,0.141600000000,   0.32000,
,,,0.141620000000,   0.32000,
,,,0.141640000000,   0.32000,
,,,0.141660000000,   0.32000,
,,,0.141680000000,   0.32000,
,,,0.141700000000,   0.32000,
,,,0.141720000000,   0.32000,
,,,0.141740000000,   0.32000,
,,,0.141760000000,   0.32000,
,,,0.141780000000,   0.32000,
,,,0.141800000000,   0.32000,
,,,0.141820000000,   0.32000,
,,,0.141840000000,   0.32000,
,,,0.141860000000,   0.32000,
,,,0.141880000000,   0.32000,
,,,0.141900000000,   0.32000,
,,,0.141920000000,   0.32000,
,,,0.141940000000,   0.32000,
,,,0.141960000000,   0.32000,
,,,0.141980000000,   0.32000,
,,,0.142000000000,   0.32000,
,,,0.142020000000,   0.32000,
,,,0.142040000000,   0.32000,
,,,0.142060000000,   0.32000,
,,,0.142080000000,   0.32000,
,,,0.142100000000,   0.32000,
,,,0.142120000000,   0.32000,
,,,0.142140000000,   0.32000,
,,,0.142160000000,   0.32000,
,,,0.142180000000,   0.32000,
,,,0.142200000000,   0.32000,
,,,0.142220000000,   0.32000,
,,,0.142240000000,   0.32000,
,,,0.142260000000,   0.32000,
,,,0.142280000000,   0.32000,
,,,0.142300000000,   0.32000,
,,,0.142320000000,   0.32000,
,,,0.142340000000,   0.32000,
,,,0.142360000000,   0.32000,
,,,0.142380000000,   0.32000,
,,,0.142400000000,   0.32000,
,,,0.142420000000,   0.32000,
,,,0.142440000000,   0.32000,
,,,0.142460000000,   0.32000,
,,,0.142480000000,   0.32000,
,,,0.142500000000,   0.32000,
,,,0.142520000000,   0.32000,
,,,0.142540000000,   0.32000,
,,,0.142560000000,   0.32000,
,,,0.142580000000,   0.32000,
,,,0.142600000000,   0.32000,
,,,0.142620000000,   0.32000,
,,,0.142640000000,   0.32000,
,,,0.142660000000,   0.32000,
,,,0.142680000000,   0.32000,
,,,0.142700000000,   0.32000,
,,,0.142720000000,   0.32000,
,,,0.142740000000,   0.32000,
,,,0.142760000000,   0.32000,
,,,0.142780000000,   0.32000,
,,,0.142800000000,   0.32000,
,,,0.142820000000,   0.32000,
,,,0.142840000000,   0.32000,
,,,0.142860000000,   0.32000,
,,,0.142880000000,   0.32000,
,,,0.142900000000,   0.32000,
,,,0.142920000000,   0.32000,
,,,0.142940000000,   0.32000,
,,,0.142960000000,   0.32000,
,,,0.142980000000,   0.32000,
,,,0.143000000000,   0.32000,
,,,0.143020000000,   0.32000,
,,,0.143040000000,   0.32000,
,,,0.143060000000,   0.32000,
,,,0.143080000000,   0.32000,
,,,0.143100000000,   0.32000,
,,,0.143120000000,   0.32000,
,,,0.143140000000,   0.32000,
,,,0.143160000000,   0.32000,
,,,0.143180000000,   0.32000,
,,,0.143200000000,   0.32000,
,,,0.143220000000,   0.32000,
,,,0.143240000000,   0.32000,
,,,0.143260000000,   0.32000,
,,,0.143280000000,   0.32000,
,,,0.143300000000,   0.32000,
,,,0.143320000000,   0.32000,
,,,0.143340000000,   0.32000,
,,,0.143360000000,   0.32000,
,,,0.143380000000,   0.32000,
,,,0.143400000000,   0.32000,
,,,0.143420000000,   0.32000,
,,,0.143440000000,   0.32000,
,,,0.143460000000,   0.32000,
,,,0.143480000000,   0.32000,
,,,0.143500000000,   0.32000,
,,,0.143520000000,   0.32000,
,,,0.143540000000,   0.32000,
,,,0.143560000000,   0.32000,
,,,0.143580000000,   0.32000,
